WABI-SABI SG PTE. LTD. #!#WABI-SABI SG PTE. LTD.
AUSTERE PTE. LTD. #!#AUSTERE PTE. LTD.
RED HOUSE BAKERY PTE. LTD. #!#RED HOUSE BAKERY PTE. LTD.
XI DE LI (JEWEL) PTE. LTD. #!#XI DE LI (JEWEL) PTE. LTD.
XI DE LI (PARKWAY) PTE. LTD. #!#XI DE LI (PARKWAY) PTE. LTD.
APEX AUTO PTE. LTD. #!#APEX AUTO PTE. LTD.
ONE EVERGREEN PTE. LTD. #!#ONE EVERGREEN PTE. LTD.
THE CLIFFORD CAFE PTE. LTD. #!#THE CLIFFORD CAFE PTE. LTD.
OH DELI PTE. LTD. #!#OH DELI PTE. LTD.
YAT KA YAN PTE. LTD. #!#YAT KA YAN PTE. LTD.
GLYPH DOWNTOWN PTE. LTD. #!#GLYPH DOWNTOWN PTE. LTD.
MONZEN SG #!#MONZEN SG
STAR VEGETARIAN GROUP PRIVATE LIMITED #!#STAR VEGETARIAN GROUP PRIVATE LIMITED
SUGARTOWN CAFE PTE. LTD. #!#SUGARTOWN CAFE PTE. LTD.
SINGCRAFT BREWING PTE. LTD. #!#SINGCRAFT BREWING PTE. LTD.
GLEN'S #!#GLEN'S
OLD HEN COFFEE #!#OLD HEN COFFEE
PRECIOUS C&K PTE. LTD. #!#PRECIOUS C&K PTE. LTD.
THE BAKEHAUS & CO PTE. LTD. #!#THE BAKEHAUS & CO PTE. LTD.
AVORUSH PTE. LTD. #!#AVORUSH PTE. LTD.
MY TURKISH CORNER PTE. LTD. #!#MY TURKISH CORNER PTE. LTD.
KEONG SAIK BAKERY PTE. LTD. #!#KEONG SAIK BAKERY PTE. LTD.
ANAGRAM COFFEE PTE. LTD. #!#ANAGRAM COFFEE PTE. LTD.
AN ACAI AFFAIR (JURONG WEST) PTE. LTD. #!#AN ACAI AFFAIR (JURONG WEST) PTE. LTD.
PINXIN CATERING PTE. LTD. #!#PINXIN CATERING PTE. LTD.
YAHAVA KOFFEE WORKS (SINGAPORE) PRIVATE LIMITED #!#YAHAVA KOFFEE WORKS (SINGAPORE) PRIVATE LIMITED
DEELISH BRANDS PTE. LTD. #!#DEELISH BRANDS PTE. LTD.
TOM N TOMS INTERNATIONAL PTE. LTD. #!#TOM N TOMS INTERNATIONAL PTE. LTD.
1983 F&B PTE. LTD. #!#1983 F&B PTE. LTD.
COFFEE LABS #!#COFFEE LABS
MOOM PTE. LTD. #!#MOOM PTE. LTD.
UPSHOT COFFEE PTE. LTD. #!#UPSHOT COFFEE PTE. LTD.
CHIN SING BEE PTE. LTD. #!#CHIN SING BEE PTE. LTD.
KEKITO PTE. LTD. #!#KEKITO PTE. LTD.
RUMI THE POET'S CUP #!#RUMI THE POET'S CUP
ABDULLAH S 1966 BIRYANI #!#ABDULLAH S 1966 BIRYANI
YI JIA BAKERY & CAFE PTE. LTD. #!#YI JIA BAKERY & CAFE PTE. LTD.
BAKE & BLESS PTE. LTD. #!#BAKE & BLESS PTE. LTD.
SPINOFF PTE. LTD. #!#SPINOFF PTE. LTD.
VEGPOWER PTE. LTD. #!#VEGPOWER PTE. LTD.
XIANG HAO PTE. LTD. #!#XIANG HAO PTE. LTD.
THE WHOLESOME BUBS PTE. LTD. #!#THE WHOLESOME BUBS PTE. LTD.
SUNNYCHOICE PTE. LTD. #!#SUNNYCHOICE PTE. LTD.
CROWN COFFEE PTE. LTD. #!#CROWN COFFEE PTE. LTD.
EQUATECOFFEE LIMITED LIABILITY PARTNERSHIP #!#EQUATECOFFEE LIMITED LIABILITY PARTNERSHIP
RGC PTE. LTD. #!#RGC PTE. LTD.
UKASHAH CONFINEMENT MEALS #!#UKASHAH CONFINEMENT MEALS
CAFFE BEVIAMO PTE LTD #!#CAFFE BEVIAMO PTE LTD
NONG KHAI BEER HOUSE PTE. LTD. #!#NONG KHAI BEER HOUSE PTE. LTD.
MYFURBAEBIE PTE. LTD. #!#MYFURBAEBIE PTE. LTD.
HOFOOD PTE. LTD. #!#HOFOOD PTE. LTD.
CARAMELLOZ #!#CARAMELLOZ
SERVE BEST CATERING PTE. LTD. #!#SERVE BEST CATERING PTE. LTD.
FEAST YOUR ICE PTE. LTD. #!#FEAST YOUR ICE PTE. LTD.
GLYPH DOWNTOWN PTE. LTD. #!#GLYPH DOWNTOWN PTE. LTD.
CHEZ SUZETTE PTE. LTD. #!#CHEZ SUZETTE PTE. LTD.
THE COFFEE LAB & ROASTERS PTE. LTD. #!#THE COFFEE LAB & ROASTERS PTE. LTD.
DEWGATHER VISTA PTE. LTD. #!#DEWGATHER VISTA PTE. LTD.
FOODCRAFTERS PTE. LTD. #!#FOODCRAFTERS PTE. LTD.
PETIOLE & VIRTUE PTE. LTD. #!#PETIOLE & VIRTUE PTE. LTD.
SPARKS BISTRO PTE. LTD. #!#SPARKS BISTRO PTE. LTD.
MAD JACK PTE. LTD. #!#MAD JACK PTE. LTD.
FLASH COFFEE PTE. LTD. #!#FLASH COFFEE PTE. LTD.
KILLINEY CAFE PRIVATE LIMITED #!#KILLINEY CAFE PRIVATE LIMITED
COVER PROJECTS (TYCA) PTE. LTD. #!#COVER PROJECTS (TYCA) PTE. LTD.
JACOBS DOUWE EGBERTS PRO OBS SG PTE. LTD. #!#JACOBS DOUWE EGBERTS PRO OBS SG PTE. LTD.
THE ALLEY JEWEL PTE. LTD. #!#THE ALLEY JEWEL PTE. LTD.
THE ALLEY RAFFLES CITY PTE. LTD. #!#THE ALLEY RAFFLES CITY PTE. LTD.
DURIAN MSW DURIAN & COFFEE CAFE CHA PTE. LTD. #!#DURIAN MSW DURIAN & COFFEE CAFE CHA PTE. LTD.
SUPHAWADEE SUPHASIRI LLP #!#SUPHAWADEE SUPHASIRI LLP
HAPI COFFEE PTE. LTD. #!#HAPI COFFEE PTE. LTD.
ISB GLOBAL PTE. LTD. #!#ISB GLOBAL PTE. LTD.
SOON LEE HENG ENTERPRISE & TRADING #!#SOON LEE HENG ENTERPRISE & TRADING
ALSET F&B ONE PTE. LTD. #!#ALSET F&B ONE PTE. LTD.
OLD TEA HUT PTE. LTD. #!#OLD TEA HUT PTE. LTD.
CASK PTE. LTD. #!#CASK PTE. LTD.
HANIS CAFE & BAKERY PTE. LTD. #!#HANIS CAFE & BAKERY PTE. LTD.
SOUL SMOOTHIE BAR PTE. LTD. #!#SOUL SMOOTHIE BAR PTE. LTD.
ONLYCREAMERY PTE. LTD. #!#ONLYCREAMERY PTE. LTD.
SLOWBYTES #!#SLOWBYTES
SMOOCHIE CREAMERY #!#SMOOCHIE CREAMERY
TOWKAY KIA KOPI PTE. LTD. #!#TOWKAY KIA KOPI PTE. LTD.
WS1 C&B PTE. LTD. #!#WS1 C&B PTE. LTD.
RAINSHINE PTE. LTD. #!#RAINSHINE PTE. LTD.
INTO THE WOODS PTE. LTD. #!#INTO THE WOODS PTE. LTD.
BAKING WITH GINA LLP #!#BAKING WITH GINA LLP
DEWGATHER BEANS AND BREWS PTE. LTD. #!#DEWGATHER BEANS AND BREWS PTE. LTD.
FOOD SCHOLAR PTE. LTD. #!#FOOD SCHOLAR PTE. LTD.
CHATIME SINGAPORE PTE. LTD. #!#CHATIME SINGAPORE PTE. LTD.
SHENTON F&B PTE. LTD. #!#SHENTON F&B PTE. LTD.
HIYO PTE. LTD. #!#HIYO PTE. LTD.
HELLU COFFEE PTE. LTD. #!#HELLU COFFEE PTE. LTD.
KITH CAFE PTE. LTD. #!#KITH CAFE PTE. LTD.
COMPOUND COFFEE CO. PTE. LTD. #!#COMPOUND COFFEE CO. PTE. LTD.
MARCY FOODS PTE. LTD. #!#MARCY FOODS PTE. LTD.
MINGLE CAFE BAR PTE. LTD. #!#MINGLE CAFE BAR PTE. LTD.
PINK FISH SG PTE. LTD. #!#PINK FISH SG PTE. LTD.
HVALA 1 PRIVATE LIMITED #!#HVALA 1 PRIVATE LIMITED
AKC ENTERPRISE PTE. LTD. #!#AKC ENTERPRISE PTE. LTD.
HAN'S CAFE & CAKE HOUSE PTE. LTD. #!#HAN'S CAFE & CAKE HOUSE PTE. LTD.
MS. DURIAN PTE. LTD. #!#MS. DURIAN PTE. LTD.
ICE CREAM GALLERY HOLDINGS PTE. LTD. #!#ICE CREAM GALLERY HOLDINGS PTE. LTD.
MK LEVURE NATURELLE HOLDING PTE. LTD. #!#MK LEVURE NATURELLE HOLDING PTE. LTD.
ADDICTUDE PTE. LTD. #!#ADDICTUDE PTE. LTD.
HOMEGROUND COFFEE ROASTERS PTE. LTD. #!#HOMEGROUND COFFEE ROASTERS PTE. LTD.
ROOKIE'S COFFEE PRIVATE LIMITED #!#ROOKIE'S COFFEE PRIVATE LIMITED
HUGGS VENTURES PTE. LTD. #!#HUGGS VENTURES PTE. LTD.
TORA & O-GETSU HOLDINGS PTE. LTD. #!#TORA & O-GETSU HOLDINGS PTE. LTD.
TARIK #!#TARIK
PLAYSCAPE CAFE AND GAMES PTE. LTD. #!#PLAYSCAPE CAFE AND GAMES PTE. LTD.
PACTO PTE. LTD. #!#PACTO PTE. LTD.
BLOOM COFFEE PTE. LTD. #!#BLOOM COFFEE PTE. LTD.
CSY DELISH PTE. LTD. #!#CSY DELISH PTE. LTD.
KAFEI & CHA #!#KAFEI & CHA
SHARIFFAH CAFE #!#SHARIFFAH CAFE
SOON HO EATING HOUSE PTE. LTD. #!#SOON HO EATING HOUSE PTE. LTD.
GUERILLA COFFEE PTE. LTD. #!#GUERILLA COFFEE PTE. LTD.
SHOON KOU CAFE #!#SHOON KOU CAFE
WANDERLUST CAFE #!#WANDERLUST CAFE
KYO KOHEE PTE. LTD. #!#KYO KOHEE PTE. LTD.
GOLDEN DONUTS PTE. LTD. #!#GOLDEN DONUTS PTE. LTD.
AYASOFYA LLP #!#AYASOFYA LLP
LIGHTHOUSE BISTRO PTE. LTD. #!#LIGHTHOUSE BISTRO PTE. LTD.
SPECIALTEA PTE. LTD. #!#SPECIALTEA PTE. LTD.
SIN & SAVAGE PRIVATE LIMITED #!#SIN & SAVAGE PRIVATE LIMITED
ROYZ ET VOUS WAFFLE PTE. LTD. #!#ROYZ ET VOUS WAFFLE PTE. LTD.
LAZZAT CAFE #!#LAZZAT CAFE
NATVENTURE BOOKS PTE. LTD. #!#NATVENTURE BOOKS PTE. LTD.
WHOLE TEAM PTE. LTD. #!#WHOLE TEAM PTE. LTD.
XI DE LI (VIVO) PTE. LTD. #!#XI DE LI (VIVO) PTE. LTD.
SQ11DELI PTE. LTD. #!#SQ11DELI PTE. LTD.
WTV FOOD PTE. LTD. #!#WTV FOOD PTE. LTD.
SIMPLY WRAPPS EXPRESS PTE. LTD. #!#SIMPLY WRAPPS EXPRESS PTE. LTD.
GINGER GARDEN DINING PTE. LTD. #!#GINGER GARDEN DINING PTE. LTD.
TEH TARIK MAKAN HOUSE PTE. LTD. #!#TEH TARIK MAKAN HOUSE PTE. LTD.
UNIFIED (SG) HOLDINGS PTE. LTD. #!#UNIFIED (SG) HOLDINGS PTE. LTD.
HVALA PRIVATE LIMITED #!#HVALA PRIVATE LIMITED
RANNER PTE. LTD. #!#RANNER PTE. LTD.
66 ICECREAM PTE. LTD. #!#66 ICECREAM PTE. LTD.
FIORDILATTE PTE. LTD. #!#FIORDILATTE PTE. LTD.
SF (SOUTH) PTE. LTD. #!#SF (SOUTH) PTE. LTD.
UNITED CHOCOLATES #!#UNITED CHOCOLATES
ULU ULU CAFE LOUNGE PTE. LTD. #!#ULU ULU CAFE LOUNGE PTE. LTD.
TWO-HUB SERVICES PTE. LTD. #!#TWO-HUB SERVICES PTE. LTD.
TUK TUK CHA (S) PTE. LTD. #!#TUK TUK CHA (S) PTE. LTD.
TROPICAL DRINKS STATION #!#TROPICAL DRINKS STATION
TREATS READY TO EAT MEALS #!#TREATS READY TO EAT MEALS
TRADEOFF PTE. LTD. #!#TRADEOFF PTE. LTD.
TOBA PADANG #!#TOBA PADANG
TIMELESS PRIVATE LIMITED #!#TIMELESS PRIVATE LIMITED
THUNDER TEA (CHINA SQUARE) PTE. LTD. #!#THUNDER TEA (CHINA SQUARE) PTE. LTD.
THE STSS COMPANY PTE. LTD. #!#THE STSS COMPANY PTE. LTD.
NBM FOOD INDUSTRIES PTE. LTD. #!#NBM FOOD INDUSTRIES PTE. LTD.
PINHOLE #!#PINHOLE
PISA BEAN PTE. LTD. #!#PISA BEAN PTE. LTD.
KOLO MEE BY KOUNG'S #!#KOLO MEE BY KOUNG'S
BK CUISINE PTE. LTD. #!#BK CUISINE PTE. LTD.
SWEET YOUNG THINGS' CAFE LLP #!#SWEET YOUNG THINGS' CAFE LLP
YU KEE HOUSE OF BRAISED DUCK #!#YU KEE HOUSE OF BRAISED DUCK
THE PRIMARY COLLECTIVE PTE. LTD. #!#THE PRIMARY COLLECTIVE PTE. LTD.
TANAMERA PTE. LTD. #!#TANAMERA PTE. LTD.
HYOGAKI PTE. LTD. #!#HYOGAKI PTE. LTD.
HATHAWAY PTE. LTD. #!#HATHAWAY PTE. LTD.
BEAR'S CAFE #!#BEAR'S CAFE
LOLA FAYE CAFE #!#LOLA FAYE CAFE
5CM PRIVATE LTD. #!#5CM PRIVATE LTD.
YOU AND ME DELIGHTS #!#YOU AND ME DELIGHTS
YO KO FU #!#YO KO FU
YA KUN KAYA TOAST COFFEESTALL SINCE 1944 PTE. LTD. #!#YA KUN KAYA TOAST COFFEESTALL SINCE 1944 PTE. LTD.
XIAO BAR WANG PTE. LTD. #!#XIAO BAR WANG PTE. LTD.
WOOBBEE PTE. LTD. #!#WOOBBEE PTE. LTD.
WOK PALACE PTE. LTD. #!#WOK PALACE PTE. LTD.
WARUNG ANEKA RASA #!#WARUNG ANEKA RASA
WANG WANG ENTERPRISE LLP #!#WANG WANG ENTERPRISE LLP
VENDETTA #!#VENDETTA
SWHF PTE. LTD. #!#SWHF PTE. LTD.
SUN RAY DREAMWORKS PRIVATE LIMITED #!#SUN RAY DREAMWORKS PRIVATE LIMITED
SUBCULTURE PTE. LTD. #!#SUBCULTURE PTE. LTD.
SQUEEZED PTE. LTD. #!#SQUEEZED PTE. LTD.
SPINELLI COFFEE COMPANY #!#SPINELLI COFFEE COMPANY
SINGAPORE COFFEE & CACAO COMPANY PTE. LTD. #!#SINGAPORE COFFEE & CACAO COMPANY PTE. LTD.
SIMPLY WRAPPS ION PTE. LTD. #!#SIMPLY WRAPPS ION PTE. LTD.
SIGNATURE KOI SINGAPORE PTE. LTD. #!#SIGNATURE KOI SINGAPORE PTE. LTD.
SIAM DISCO & KARAOKE #!#SIAM DISCO & KARAOKE
SHT LLP #!#SHT LLP
SHIHLIN TAIWAN STREET SNACKS (JP) PTE. LTD. #!#SHIHLIN TAIWAN STREET SNACKS (JP) PTE. LTD.
SHIHLIN TAIWAN STREET SNACKS (HF) PTE. LTD. #!#SHIHLIN TAIWAN STREET SNACKS (HF) PTE. LTD.
SHIHLIN TAIWAN STREET SNACKS (TM) PTE. LTD. #!#SHIHLIN TAIWAN STREET SNACKS (TM) PTE. LTD.
SFP CATERING #!#SFP CATERING
SF (TAMPINES) PTE. LTD. #!#SF (TAMPINES) PTE. LTD.
THE MIND CAFE PTE. LTD. #!#THE MIND CAFE PTE. LTD.
THE LOFT GROUP PTE. LTD. #!#THE LOFT GROUP PTE. LTD.
THE GREAT MISCHIEF PRIVATE LIMITED #!#THE GREAT MISCHIEF PRIVATE LIMITED
THE GARDEN SLUG LLP #!#THE GARDEN SLUG LLP
THE FUSION BOWL #!#THE FUSION BOWL
THE FOOD EXPLORER PTE. LTD. #!#THE FOOD EXPLORER PTE. LTD.
THE DISPENSARY HERITAGE GROUP PTE. LTD. #!#THE DISPENSARY HERITAGE GROUP PTE. LTD.
THE DENZY COLLECTIVE (PTE.) LTD. #!#THE DENZY COLLECTIVE (PTE.) LTD.
THE DISPENSARY PTE. LTD. #!#THE DISPENSARY PTE. LTD.
THE DAILY GRIND CAFFE #!#THE DAILY GRIND CAFFE
THE COFFEE BEAN & TEA LEAF (SINGAPORE) PTE LTD #!#THE COFFEE BEAN & TEA LEAF (SINGAPORE) PTE LTD
THE ALCHEMIST BREW PTE. LTD. #!#THE ALCHEMIST BREW PTE. LTD.
TEAM CATERING PTE. LTD. #!#TEAM CATERING PTE. LTD.
TASTE TEA PTE. LTD. #!#TASTE TEA PTE. LTD.
TANAMERA COFFEE PTE. LTD. #!#TANAMERA COFFEE PTE. LTD.
FUN TOAST BENCH PTE. LTD. #!#FUN TOAST BENCH PTE. LTD.
FUN TOAST (NTHPT) PTE. LTD. #!#FUN TOAST (NTHPT) PTE. LTD.
ELIXIR COFFEE PTE. LTD. #!#ELIXIR COFFEE PTE. LTD.
BUDDIES BISTRO BAR PTE. LTD. #!#BUDDIES BISTRO BAR PTE. LTD.
MADLY GOOD PTE. LTD. #!#MADLY GOOD PTE. LTD.
PUCK PROVISIONS PTE. LTD. #!#PUCK PROVISIONS PTE. LTD.
MOGHUL SWEETS PRIVATE LIMITED #!#MOGHUL SWEETS PRIVATE LIMITED
BONES PRIVATE LIMITED #!#BONES PRIVATE LIMITED
PAPA PALHETA PTE. LTD. #!#PAPA PALHETA PTE. LTD.
MOSANCO ENCHANTED CAFE PTE. LTD. #!#MOSANCO ENCHANTED CAFE PTE. LTD.
MORNING GRIND PTE. LTD. #!#MORNING GRIND PTE. LTD.
PRACTICE TUCKSHOP PTE. LTD. #!#PRACTICE TUCKSHOP PTE. LTD.
POOLSIDE BAR #!#POOLSIDE BAR
PONTIAN STAR PTE. LTD. #!#PONTIAN STAR PTE. LTD.
PLAYTIME RECREATION & CATERING LLP #!#PLAYTIME RECREATION & CATERING LLP
PLAIN VANILLA BAKERY PTE. LTD. #!#PLAIN VANILLA BAKERY PTE. LTD.
PERKS FOR FRIENDS #!#PERKS FOR FRIENDS
PEANUT BUTTER #!#PEANUT BUTTER
PEANUTS #!#PEANUTS
PARAMOUNT MUSIC LOUNGE #!#PARAMOUNT MUSIC LOUNGE
NUTRIFY MEALS PTE. LTD. #!#NUTRIFY MEALS PTE. LTD.
NOVA CAFETERIA #!#NOVA CAFETERIA
N & B SNACKS #!#N & B SNACKS
MUSICSHOPHAUS PTE. LTD. #!#MUSICSHOPHAUS PTE. LTD.
MR YOUTIAO PTE. LTD. #!#MR YOUTIAO PTE. LTD.
MR. BOSS DISCO PUB PTE. LTD. #!#MR. BOSS DISCO PUB PTE. LTD.
MR BEAN'S CAFE AND WINE BAR PTE LTD #!#MR BEAN'S CAFE AND WINE BAR PTE LTD
MONUMENT LIFESTYLE PTE. LTD. #!#MONUMENT LIFESTYLE PTE. LTD.
MOSANCO ENCHANTED CAFE CENTRAL PTE. LTD. #!#MOSANCO ENCHANTED CAFE CENTRAL PTE. LTD.
MOSANCO ENCHANTED CAFE EAST PTE. LTD. #!#MOSANCO ENCHANTED CAFE EAST PTE. LTD.
EZ & SON TRADING PTE. LTD. #!#EZ & SON TRADING PTE. LTD.
CICLO E CAFFE PTE. LTD. #!#CICLO E CAFFE PTE. LTD.
KAFFIEND PTE. LTD. #!#KAFFIEND PTE. LTD.
BAILEY AND WHISKEY PTE. LTD. #!#BAILEY AND WHISKEY PTE. LTD.
KURA PATISSERIE PTE. LTD. #!#KURA PATISSERIE PTE. LTD.
GILIZIOSO #!#GILIZIOSO
CENTURY ARTISAN PTE. LTD. #!#CENTURY ARTISAN PTE. LTD.
BOMS AND BUNS PTE. LTD. #!#BOMS AND BUNS PTE. LTD.
MIRANA CAFE #!#MIRANA CAFE
MFC FOOD XPRESS PTE. LTD. #!#MFC FOOD XPRESS PTE. LTD.
MEL'S HUB PTE. LTD. #!#MEL'S HUB PTE. LTD.
MAKISAN INDONESIA PTE. LTD. #!#MAKISAN INDONESIA PTE. LTD.
MOSANCO SETTLERS CAFE PTE. LTD. #!#MOSANCO SETTLERS CAFE PTE. LTD.
LUCKY FOOD CORNER #!#LUCKY FOOD CORNER
LUCID BAR #!#LUCID BAR
LOWE SANDWICH BAR & COFFEEHOUSE LLP #!#LOWE SANDWICH BAR & COFFEEHOUSE LLP
LINA'S CAFE PTE. LTD. #!#LINA'S CAFE PTE. LTD.
KEVINBAKERY #!#KEVINBAKERY
KAMPONG GLAM CAFE PTE. LTD. #!#KAMPONG GLAM CAFE PTE. LTD.
JOE & DOUGH PTE. LTD. #!#JOE & DOUGH PTE. LTD.
JO-ANS CAFE #!#JO-ANS CAFE
J. BOWEN PTE. LTD. #!#J. BOWEN PTE. LTD.
IZAKAYA 95 PTE. LTD. #!#IZAKAYA 95 PTE. LTD.
SF (NORTHPOINT) PTE. LTD. #!#SF (NORTHPOINT) PTE. LTD.
SF (WHITESANDS) PTE. LTD. #!#SF (WHITESANDS) PTE. LTD.
RUAY SUB BOUTIQUE #!#RUAY SUB BOUTIQUE
REDHILL 75 FOOD HOUSE PTE. LTD. #!#REDHILL 75 FOOD HOUSE PTE. LTD.
RAFFLES TREATS PTE. LIMITED #!#RAFFLES TREATS PTE. LIMITED
RAFFLES COFFEE PTE. LTD. #!#RAFFLES COFFEE PTE. LTD.
QUEEN'S BAR PTE. LTD. #!#QUEEN'S BAR PTE. LTD.
QI JI CATERING PTE. LTD. #!#QI JI CATERING PTE. LTD.
QASEH QURAISYAH #!#QASEH QURAISYAH
PUB VILLAS PTE. LTD. #!#PUB VILLAS PTE. LTD.
PTTOR SINGAPORE PTE. LTD. #!#PTTOR SINGAPORE PTE. LTD.
PRODIGAL PTE. LTD. #!#PRODIGAL PTE. LTD.
HAINAN KAYA TOAST #!#HAINAN KAYA TOAST
GROVE (S) PTE. LTD. #!#GROVE (S) PTE. LTD.
GREENWITCH PTE. LTD. #!#GREENWITCH PTE. LTD.
GREEN RABBIT PTE. LTD. #!#GREEN RABBIT PTE. LTD.
GRANDE AND PICCOLO #!#GRANDE AND PICCOLO
GOOD BITES PTE. LTD. #!#GOOD BITES PTE. LTD.
GEES F&B GROUP PTE. LTD. #!#GEES F&B GROUP PTE. LTD.
G5 FOOD HOUSE PTE. LTD. #!#G5 FOOD HOUSE PTE. LTD.
FURAMA LOBBY LOUNGE #!#FURAMA LOBBY LOUNGE
FUN TOAST STAR PTE. LTD. #!#FUN TOAST STAR PTE. LTD.
FRESH & FANCY #!#FRESH & FANCY
FOY YIN VEGETARIAN FOOD #!#FOY YIN VEGETARIAN FOOD
FOUR SEASONS FOOD COURT #!#FOUR SEASONS FOOD COURT
FOOD STOP BY STERLING #!#FOOD STOP BY STERLING
FOOD OF WONDERS LLP #!#FOOD OF WONDERS LLP
FOOD CONNECTION F&B PTE. LTD. #!#FOOD CONNECTION F&B PTE. LTD.
FLOURISH TRADING PTE. LTD. #!#FLOURISH TRADING PTE. LTD.
FJ & JOSEPH PTE. LTD. #!#FJ & JOSEPH PTE. LTD.
FIVE OARS COFFEE ROASTERS PTE. LTD. #!#FIVE OARS COFFEE ROASTERS PTE. LTD.
FIFTIES CAFE LLP #!#FIFTIES CAFE LLP
FATCAT ICE CREAM PTE. LTD. #!#FATCAT ICE CREAM PTE. LTD.
FASON GROUP #!#FASON GROUP
EXPRESSPOINT F&B PTE. LTD. #!#EXPRESSPOINT F&B PTE. LTD.
ESKIMO DELIGHT PTE. LTD. #!#ESKIMO DELIGHT PTE. LTD.
EPOK EPOK INTERNATIONAL #!#EPOK EPOK INTERNATIONAL
ELEMENT @ AMARA #!#ELEMENT @ AMARA
EBENEZER CONSULTING PRIVATE LIMITED #!#EBENEZER CONSULTING PRIVATE LIMITED
E13 CAFE (WINE & BISTRO) PTE. LTD. #!#E13 CAFE (WINE & BISTRO) PTE. LTD.
COME INN #!#COME INN
COFFEE SMITH PTE. LTD. #!#COFFEE SMITH PTE. LTD.
COFFEE SMITH NORTH PTE. LTD. #!#COFFEE SMITH NORTH PTE. LTD.
GINGERLILY #!#GINGERLILY
CLUB JOJO #!#CLUB JOJO
PIZZA FABBRICA PTE. LTD. #!#PIZZA FABBRICA PTE. LTD.
CHULOP! #!#CHULOP!
CHOPE PTE. LTD. #!#CHOPE PTE. LTD.
CHILL@RIB #!#CHILL@RIB
CHASING DREAMS #!#CHASING DREAMS
CARRY ON PRIVATE LIMITED #!#CARRY ON PRIVATE LIMITED
CAFE LODGE PTE. LTD. #!#CAFE LODGE PTE. LTD.
BUNKERBUNKER PRIVATE LTD. #!#BUNKERBUNKER PRIVATE LTD.
BROTHER BIRD LLP #!#BROTHER BIRD LLP
BREEZE BAR #!#BREEZE BAR
BREAD YARD PTE. LTD. #!#BREAD YARD PTE. LTD.
BOMBA LAB CAFE #!#BOMBA LAB CAFE
BLUE TEA #!#BLUE TEA
BLUE WAVES FOOD EMPIRE PTE. LTD. #!#BLUE WAVES FOOD EMPIRE PTE. LTD.
BLACK FOREST ENTERTAINMENT #!#BLACK FOREST ENTERTAINMENT
BEE HOCK GUAN LIM KEE #!#BEE HOCK GUAN LIM KEE
BAYWATCH@JEN #!#BAYWATCH@JEN
ATLASPORT PTE. LTD. #!#ATLASPORT PTE. LTD.
AT PUNGGOL PTE. LTD. #!#AT PUNGGOL PTE. LTD.
ASAM TREE PTE. LTD. #!#ASAM TREE PTE. LTD.
ASAM TREE (KTP) PTE. LTD. #!#ASAM TREE (KTP) PTE. LTD.
ASAM TREE (BB) PTE. LTD. #!#ASAM TREE (BB) PTE. LTD.
ASAM TREE (HG) PTE. LTD. #!#ASAM TREE (HG) PTE. LTD.
ASAM TREE (CCK) PTE. LTD. #!#ASAM TREE (CCK) PTE. LTD.
ANN'S GOURMET PLACE #!#ANN'S GOURMET PLACE
AN ACAI AFFAIR (JEWEL) PTE. LTD. #!#AN ACAI AFFAIR (JEWEL) PTE. LTD.
ALL THE BATTER LLP #!#ALL THE BATTER LLP
AFFINITY CAFE & BAKERY PTE. LTD. #!#AFFINITY CAFE & BAKERY PTE. LTD.
IZAKAYA 95 PTE. LTD. #!#IZAKAYA 95 PTE. LTD.
ITALIAN OSTERIA X #!#ITALIAN OSTERIA X
INDIA SE #!#INDIA SE
IGLU INTERNATIONAL #!#IGLU INTERNATIONAL
I. Q. KARAOKE LOUNGE #!#I. Q. KARAOKE LOUNGE
MOTOR FOLKS PTE. LTD. #!#MOTOR FOLKS PTE. LTD.
HUE RESTOBAR #!#HUE RESTOBAR
HELLO FOOD PTE. LTD. #!#HELLO FOOD PTE. LTD.
HALIA PANTRY #!#HALIA PANTRY
AARON F & B ENTERPRISE PTE. LTD. #!#AARON F & B ENTERPRISE PTE. LTD.
AAMS ENTERPRISE #!#AAMS ENTERPRISE
ICE BERG CAFE #!#ICE BERG CAFE
COCONUT SHACK #!#COCONUT SHACK
THE STRAITS SG CAFE #!#THE STRAITS SG CAFE
HONGXIN F&B PTE. LTD. #!#HONGXIN F&B PTE. LTD.
GRAIN WORKS GR PTE. LTD. #!#GRAIN WORKS GR PTE. LTD.
LEGENDARY HONG KONG PTE. LTD. #!#LEGENDARY HONG KONG PTE. LTD.
LEE SIAU LING CAFE #!#LEE SIAU LING CAFE
LAURENT BERNARD CHOCOLATIER PTE. LTD. #!#LAURENT BERNARD CHOCOLATIER PTE. LTD.
LACTIC FOOD AND BEVERAGE PTE. LTD. #!#LACTIC FOOD AND BEVERAGE PTE. LTD.
LA JEWEL PTE. LTD. #!#LA JEWEL PTE. LTD.
KUDOS CAFETERIA #!#KUDOS CAFETERIA
KOPI ROTI HOLDINGS PTE. LTD. #!#KOPI ROTI HOLDINGS PTE. LTD.
KOPIFELLAS CAFE PTE. LTD. #!#KOPIFELLAS CAFE PTE. LTD.
KOONIES FOOD & BEVERAGE PTE LTD #!#KOONIES FOOD & BEVERAGE PTE LTD
KOKODO PTE. LTD. #!#KOKODO PTE. LTD.
SUB A DAY PRIVATE LIMITED #!#SUB A DAY PRIVATE LIMITED
OVERSCOOP CLASSIC PRIVATE LIMITED #!#OVERSCOOP CLASSIC PRIVATE LIMITED
SNACK SECTION 02-23 #!#SNACK SECTION 02-23
YEO XIN #!#YEO XIN
ILTM BK PTE. LTD. #!#ILTM BK PTE. LTD.
HKP FOOD TECHNOLOGY PTE. LTD. #!#HKP FOOD TECHNOLOGY PTE. LTD.
LOT 50 PTE. LTD. #!#LOT 50 PTE. LTD.
MEETFRESH SINGAPORE #!#MEETFRESH SINGAPORE
ABERDEEN GLORY PTE. LTD. #!#ABERDEEN GLORY PTE. LTD.
COEXIST COFFEE CO. PTE. LTD. #!#COEXIST COFFEE CO. PTE. LTD.
AFTERWORDS? PTE. LTD. #!#AFTERWORDS? PTE. LTD.
TIONG BAHRU YONG TAO HU PTE. LTD. #!#TIONG BAHRU YONG TAO HU PTE. LTD.
ILTM SG PTE. LTD. #!#ILTM SG PTE. LTD.
DILLYDELI #!#DILLYDELI
HUBER'S BISTRO #!#HUBER'S BISTRO
PAWS AND CLAWS.SG #!#PAWS AND CLAWS.SG
WAGA WAGA PTE. LTD. #!#WAGA WAGA PTE. LTD.
SNIFFY ENTERPRISE #!#SNIFFY ENTERPRISE
NAKHON BISTRO PTE. LTD. #!#NAKHON BISTRO PTE. LTD.
O'BRAIM #!#O'BRAIM
OAKS COFFEE COMPANY PTE. LTD. #!#OAKS COFFEE COMPANY PTE. LTD.
BINKY STAR PTE. LTD. #!#BINKY STAR PTE. LTD.
BOON CAFE #!#BOON CAFE
CLUBATE #!#CLUBATE
D' PASSPORT CAFE PTE. LTD. #!#D' PASSPORT CAFE PTE. LTD.
DREAMIER'S LOFT #!#DREAMIER'S LOFT
INU & CO PRIVATE LIMITED #!#INU & CO PRIVATE LIMITED
JOANDJOE PTE. LTD. #!#JOANDJOE PTE. LTD.
QREMA PTE. LTD. #!#QREMA PTE. LTD.
PIZZAMANIA #!#PIZZAMANIA
ACLS PRIVATE LIMITED #!#ACLS PRIVATE LIMITED
JUNE'S BREATHE CAFE #!#JUNE'S BREATHE CAFE
THE GENKI CAFE #!#THE GENKI CAFE
POLAR CAFE PTE. LTD. #!#POLAR CAFE PTE. LTD.
LIMTEH #!#LIMTEH
YOU FU CAFE PRIVATE LIMITED #!#YOU FU CAFE PRIVATE LIMITED
FRONTYARD PTE. LTD. #!#FRONTYARD PTE. LTD.
BAKES & STUFFED! #!#BAKES & STUFFED!
ALWAYS CAFE (SHANGHAI) PTE. LTD. #!#ALWAYS CAFE (SHANGHAI) PTE. LTD.
ALL DAY BREAKFAST CAFE 21 PTE. LTD. #!#ALL DAY BREAKFAST CAFE 21 PTE. LTD.
AHIMSACOMMUNITYY #!#AHIMSACOMMUNITYY
THREE RICH LLP #!#THREE RICH LLP
NEW STATION SNACK BAR PTE. LTD. #!#NEW STATION SNACK BAR PTE. LTD.
FLYY #!#FLYY
PARCHED PTE. LTD. #!#PARCHED PTE. LTD.
WAVERLEY AND WELLINGTON (PTE. LTD.) #!#WAVERLEY AND WELLINGTON (PTE. LTD.)
PRIVILEGE BOUTIQUE LOUNGE PTE. LTD. #!#PRIVILEGE BOUTIQUE LOUNGE PTE. LTD.
FUN TOAST M&D PTE. LTD. #!#FUN TOAST M&D PTE. LTD.
LION CITY KITCHEN PTE. LTD. #!#LION CITY KITCHEN PTE. LTD.
AMAZING GALLEY PTE. LTD. #!#AMAZING GALLEY PTE. LTD.
CLOVE5 (PRIVATE LIMITED) #!#CLOVE5 (PRIVATE LIMITED)
DABAO GELATO LLP #!#DABAO GELATO LLP
DOUBLE UP COFFEE PTE. LTD. #!#DOUBLE UP COFFEE PTE. LTD.
DOUBLE SHOT COFFEE PTE. LTD. #!#DOUBLE SHOT COFFEE PTE. LTD.
DIVINE FOODS PTE. LTD. #!#DIVINE FOODS PTE. LTD.
DELICACY EATERY #!#DELICACY EATERY
DE AGNI #!#DE AGNI
DANCING GOAT SPECIALTY COFFEE #!#DANCING GOAT SPECIALTY COFFEE
D'WELL F&B (S) PTE. LTD. #!#D'WELL F&B (S) PTE. LTD.
D'FINE DELI #!#D'FINE DELI
D' SWEET TOUCH DELI PTE. LTD. #!#D' SWEET TOUCH DELI PTE. LTD.
CUPPAJOY #!#CUPPAJOY
CRYSTAL CLUB (GPOR) #!#CRYSTAL CLUB (GPOR)
COUNTRY JAMBOREE BAR & CAFE PTE. LTD. #!#COUNTRY JAMBOREE BAR & CAFE PTE. LTD.
COOLBREW PTE. LTD. #!#COOLBREW PTE. LTD.
RIVER GARDEN COFFEE HOUSE #!#RIVER GARDEN COFFEE HOUSE
POOL GRILL #!#POOL GRILL
PARCHMEN & CO PRIVATE LIMITED #!#PARCHMEN & CO PRIVATE LIMITED
OLD-CAPITOL CAFE #!#OLD-CAPITOL CAFE
OBSESSIONS PUB #!#OBSESSIONS PUB
NEW HAPPY COLD & HOT CAFE #!#NEW HAPPY COLD & HOT CAFE
MR CUCUMBER PTE LTD #!#MR CUCUMBER PTE LTD
FAIRY GROUP VENTURES PTE. LTD. #!#FAIRY GROUP VENTURES PTE. LTD.
MEETUP @ 352 C&B PTE. LTD. #!#MEETUP @ 352 C&B PTE. LTD.
MEE SEK FOODCOURT #!#MEE SEK FOODCOURT
MARRIOTT CAFE #!#MARRIOTT CAFE
LIANG HOLDINGS LLP #!#LIANG HOLDINGS LLP
FENGXIANG BKT PRIVATE LIMITED #!#FENGXIANG BKT PRIVATE LIMITED
ESCAPE HUNT PTE. LTD. #!#ESCAPE HUNT PTE. LTD.
EAST MEZZANINE #!#EAST MEZZANINE
DARLING DARLING PTE. LTD. #!#DARLING DARLING PTE. LTD.
CUBA LIBRE PRIVATE LIMITED #!#CUBA LIBRE PRIVATE LIMITED
CONEXN PTE. LTD. #!#CONEXN PTE. LTD.
COOL CUP @ TOA PAYOH #!#COOL CUP @ TOA PAYOH
COFFEE RESTURANT #!#COFFEE RESTURANT
CHERRY BEANS SINGAPORE PTE. LTD. #!#CHERRY BEANS SINGAPORE PTE. LTD.
CHECK IT OUT PUB & CAFE #!#CHECK IT OUT PUB & CAFE
CATZ PTE. LTD. #!#CATZ PTE. LTD.
CAFE LAPIN #!#CAFE LAPIN
BUTTERCAKENCREAM LIMITED LIABILITY PARTNERSHIP #!#BUTTERCAKENCREAM LIMITED LIABILITY PARTNERSHIP
LAM LAI PHENG CANTEEN #!#LAM LAI PHENG CANTEEN
JIAKOPI PTE. LTD. #!#JIAKOPI PTE. LTD.
INITIAL BAR #!#INITIAL BAR
HOO CHENG KTV NITECLUB PTE. LTD. #!#HOO CHENG KTV NITECLUB PTE. LTD.
HAPPY FESTIVE RESTAURANT PTE. LTD. #!#HAPPY FESTIVE RESTAURANT PTE. LTD.
GOOD THYME #!#GOOD THYME
GINGER ASIAN KITCHEN #!#GINGER ASIAN KITCHEN
FUSION BISTRO PTE. LTD. #!#FUSION BISTRO PTE. LTD.
FUN TOAST (JUNCTION 10) PTE. LTD. #!#FUN TOAST (JUNCTION 10) PTE. LTD.
BACK ALLEY PTE. LTD. #!#BACK ALLEY PTE. LTD.
ATOM ONE PTE. LTD. #!#ATOM ONE PTE. LTD.
AROMA CONNECTIONS LLP #!#AROMA CONNECTIONS LLP
LEAN BENTO PTE. LTD. #!#LEAN BENTO PTE. LTD.
UDDERS (NOVENA) PTE. LTD. #!#UDDERS (NOVENA) PTE. LTD.
MATCHAYA ASIA PTE. LTD. #!#MATCHAYA ASIA PTE. LTD.
MAGIC CARP PTE. LTD. #!#MAGIC CARP PTE. LTD.
AN ACAI AFFAIR (HILLION) PTE. LTD. #!#AN ACAI AFFAIR (HILLION) PTE. LTD.
ONCE UPON A TIME PTE. LTD. #!#ONCE UPON A TIME PTE. LTD.
THREE IN ONE COFFEE PTE. LTD. #!#THREE IN ONE COFFEE PTE. LTD.
HAUTEFOODS PTE. LTD. #!#HAUTEFOODS PTE. LTD.
COVET COFFEE PTE. LTD. #!#COVET COFFEE PTE. LTD.
KINGS CART COFFEE PTE. LTD. #!#KINGS CART COFFEE PTE. LTD.
ESSEN F&B PTE. LTD. #!#ESSEN F&B PTE. LTD.
THE HUMBLE PIE & THE UGLY CAKE SHOP PTE. LTD. #!#THE HUMBLE PIE & THE UGLY CAKE SHOP PTE. LTD.
STARRY BAR PTE. LTD. #!#STARRY BAR PTE. LTD.
99 CAFE #!#99 CAFE
1SGP #!#1SGP
ZZV GLOBAL PTE. LTD. #!#ZZV GLOBAL PTE. LTD.
THE FRIDAY BAKERY #!#THE FRIDAY BAKERY
THE EXCISEMAN PTE. LTD. #!#THE EXCISEMAN PTE. LTD.
THE CAFFEINE EXPERIENCE PTE. LTD. #!#THE CAFFEINE EXPERIENCE PTE. LTD.
T.A.S.T.E. FOOD AND BEVERAGES #!#T.A.S.T.E. FOOD AND BEVERAGES
SUNNYCHOICE BB PTE. LTD. #!#SUNNYCHOICE BB PTE. LTD.
SUNNYCHOICE AV PTE. LTD. #!#SUNNYCHOICE AV PTE. LTD.
SUGARFIN PRIVATE LIMITED #!#SUGARFIN PRIVATE LIMITED
SL PANCAKES LLP #!#SL PANCAKES LLP
SGIDEAR PTE. LTD. #!#SGIDEAR PTE. LTD.
SAP UBON #!#SAP UBON
XIXIANG KAYA KOPITIAM (ROBINSON ROAD) PTE. LTD. #!#XIXIANG KAYA KOPITIAM (ROBINSON ROAD) PTE. LTD.
XIXIANG KAYA KOPITIAM (PLQ) PTE. LTD. #!#XIXIANG KAYA KOPITIAM (PLQ) PTE. LTD.
WORKING TITLE PRIVATE LIMITED #!#WORKING TITLE PRIVATE LIMITED
WONG KEE EATERIES PTE. LTD. #!#WONG KEE EATERIES PTE. LTD.
WIRED MONKEY LLP #!#WIRED MONKEY LLP
TWENTY EIGHT CAFE PTE. LTD. #!#TWENTY EIGHT CAFE PTE. LTD.
THE SINGLE CASK PTE. LTD. #!#THE SINGLE CASK PTE. LTD.
THE LUNA PATISSERIE PTE. LTD. #!#THE LUNA PATISSERIE PTE. LTD.
THE HERBAL BAR PTE. LTD. #!#THE HERBAL BAR PTE. LTD.
TRIPLE TEE PTE. LTD. #!#TRIPLE TEE PTE. LTD.
TWO FATMAN LLP #!#TWO FATMAN LLP
BB KTV PTE. LTD. #!#BB KTV PTE. LTD.
PANG ZI CREAMERY #!#PANG ZI CREAMERY
KLINAIRAK.SG #!#KLINAIRAK.SG
CHOBKIN #!#CHOBKIN
ZULLY & CO. PTE. LTD. #!#ZULLY & CO. PTE. LTD.
WHISKIT BAKERY AND CAFE PRIVATE LIMITED #!#WHISKIT BAKERY AND CAFE PRIVATE LIMITED
WARDS' UP #!#WARDS' UP
TREATS JUICE & JAVA #!#TREATS JUICE & JAVA
THE PLAIN JANE CAFE LLP #!#THE PLAIN JANE CAFE LLP
TCS CENTRAL PTE. LTD. #!#TCS CENTRAL PTE. LTD.
TANG TEA LLP #!#TANG TEA LLP
ROMANCE KTV PUB PTE. LTD. #!#ROMANCE KTV PUB PTE. LTD.
ROBUST & LIFE COMPACT PTE. LTD. #!#ROBUST & LIFE COMPACT PTE. LTD.
RED OAK PTE. LTD. #!#RED OAK PTE. LTD.
QOOL QUENCH LLP #!#QOOL QUENCH LLP
PRINCESS KARAOKE LOUNGE #!#PRINCESS KARAOKE LOUNGE
POUND PTE. LTD. #!#POUND PTE. LTD.
POBO PTE. LTD. #!#POBO PTE. LTD.
PARKLANE ISLE EATING HOUSE PTE. LTD. #!#PARKLANE ISLE EATING HOUSE PTE. LTD.
OKEAT PTE. LTD. #!#OKEAT PTE. LTD.
NUNSARAM PTE. LTD. #!#NUNSARAM PTE. LTD.
NOODZ PTE. LTD. #!#NOODZ PTE. LTD.
NFB ASIA PTE. LTD. #!#NFB ASIA PTE. LTD.
NEW GREEN PASTURE HEALTH FOOD TRADING #!#NEW GREEN PASTURE HEALTH FOOD TRADING
NECTAR JEWEL PTE. LTD. #!#NECTAR JEWEL PTE. LTD.
MR BAKER PTE. LTD. #!#MR BAKER PTE. LTD.
MONDO VANTAGGIO PTE. LTD. #!#MONDO VANTAGGIO PTE. LTD.
MAREE SHOP #!#MAREE SHOP
MADAM YAP KITCHEN PTE. LTD. #!#MADAM YAP KITCHEN PTE. LTD.
FLORAL IN CITY LOUNGE PTE. LTD. #!#FLORAL IN CITY LOUNGE PTE. LTD.
ETTO PTE. LIMITED #!#ETTO PTE. LIMITED
EMO SNACKS PTE. LTD. #!#EMO SNACKS PTE. LTD.
TWO HANDS COFFEE PTE. LTD. #!#TWO HANDS COFFEE PTE. LTD.
DONBURI PTE. LTD. #!#DONBURI PTE. LTD.
DAHLIA CAFE #!#DAHLIA CAFE
COOL ECHO #!#COOL ECHO
COLLECTIVE SYNERGY PTE. LTD. #!#COLLECTIVE SYNERGY PTE. LTD.
COFFEE CAFE AND TEA PTE. LTD. #!#COFFEE CAFE AND TEA PTE. LTD.
SCOUNDREL PTE. LTD. #!#SCOUNDREL PTE. LTD.
CLUB FAMOUS ENTERTAINMENT PTE. LTD. #!#CLUB FAMOUS ENTERTAINMENT PTE. LTD.
CL LIFESTYLE #!#CL LIFESTYLE
CITY KTV PTE. LTD. #!#CITY KTV PTE. LTD.
CARROTSTICKSNCRAVINGS PTE. LTD. #!#CARROTSTICKSNCRAVINGS PTE. LTD.
LINE ME #!#LINE ME
LA & SONS PTE. LTD. #!#LA & SONS PTE. LTD.
KAFFE ESPLANADE #!#KAFFE ESPLANADE
JUST WANT CAFE #!#JUST WANT CAFE
JEWEL 7 PTE. LTD. #!#JEWEL 7 PTE. LTD.
JEWEL OSW PTE. LTD. #!#JEWEL OSW PTE. LTD.
JEWEL CLE PTE. LTD. #!#JEWEL CLE PTE. LTD.
JEAN'S GOODIES PTE. LTD. #!#JEAN'S GOODIES PTE. LTD.
IMPERIUM KITCHEN ASIA #!#IMPERIUM KITCHEN ASIA
ILTM NORTH WEST PTE. LTD. #!#ILTM NORTH WEST PTE. LTD.
WAT THE PHO #!#WAT THE PHO
XIN QI PTE. LTD. #!#XIN QI PTE. LTD.
SZ TEA HOUSE PTE. LTD. #!#SZ TEA HOUSE PTE. LTD.
OVERSCOOP PTE. LTD. #!#OVERSCOOP PTE. LTD.
TLEFOOD PTE. LTD. #!#TLEFOOD PTE. LTD.
THE LYFE KITCHEN PTE. LTD. #!#THE LYFE KITCHEN PTE. LTD.
BOB & COCO #!#BOB & COCO
COZY FUN TOAST PTE. LTD. #!#COZY FUN TOAST PTE. LTD.
LE CAFE BLANC PTE. LTD. #!#LE CAFE BLANC PTE. LTD.
LICK PTE. LTD. #!#LICK PTE. LTD.
LICKING GOOD TIMES PTE. LTD. #!#LICKING GOOD TIMES PTE. LTD.
BRUNCHES PTE. LTD. #!#BRUNCHES PTE. LTD.
BIG O EVENTS PTE. LTD. #!#BIG O EVENTS PTE. LTD.
AMLT PTE. LTD. #!#AMLT PTE. LTD.
ALDM ENTERTAINMENT PTE. LTD. #!#ALDM ENTERTAINMENT PTE. LTD.
ALCHEMIST WORKS PTE. LTD. #!#ALCHEMIST WORKS PTE. LTD.
ALCHEMIST 30RP PTE. LTD. #!#ALCHEMIST 30RP PTE. LTD.
AIMEGO KTV LOUNGE #!#AIMEGO KTV LOUNGE
AG ENTERTAINMENT #!#AG ENTERTAINMENT
AFTERWIT PRIVATE LIMITED #!#AFTERWIT PRIVATE LIMITED
ILTM PTE. LTD. #!#ILTM PTE. LTD.
HOMEMADE ITALIAN #!#HOMEMADE ITALIAN
HEAVENLYWAFFLES PTE. LTD. #!#HEAVENLYWAFFLES PTE. LTD.
O BREW CULTURE PTE. LTD. #!#O BREW CULTURE PTE. LTD.
HANAHANA CAFE PTE. LTD. #!#HANAHANA CAFE PTE. LTD.
THE PET OASIS #!#THE PET OASIS
GREENVIEW CAFE #!#GREENVIEW CAFE
GRAMMY ENTERTAINMENT PTE. LTD. #!#GRAMMY ENTERTAINMENT PTE. LTD.
GOBI (S) DESSERTS LLP #!#GOBI (S) DESSERTS LLP
GINZA PUB #!#GINZA PUB
FUN TOAST KAISTEC PTE. LTD. #!#FUN TOAST KAISTEC PTE. LTD.
M I. C #!#M I. C
MJCOFFEECO #!#MJCOFFEECO
TELOK AYER COFFEE SHOP PTE. LTD. #!#TELOK AYER COFFEE SHOP PTE. LTD.
THE FORAGE CAFE (MACPHERSON MALL) #!#THE FORAGE CAFE (MACPHERSON MALL)
THE FORAGE CAFE (SUMMER VIEW HOTEL) #!#THE FORAGE CAFE (SUMMER VIEW HOTEL)
THE QUAINT TRIBE LIMITED LIABILITY PARTNERSHIP #!#THE QUAINT TRIBE LIMITED LIABILITY PARTNERSHIP
THE WWAH! COLLECTIVE PTE. LTD. #!#THE WWAH! COLLECTIVE PTE. LTD.
TOLIDO'S CRAWFORD PTE. LTD. #!#TOLIDO'S CRAWFORD PTE. LTD.
THE PROVIDORE SINGAPORE PTE. LTD. #!#THE PROVIDORE SINGAPORE PTE. LTD.
RAY MUSIC PTE. LTD. #!#RAY MUSIC PTE. LTD.
LA PASTELERIA PTE. LTD. #!#LA PASTELERIA PTE. LTD.
HEYBO PTE. LTD. #!#HEYBO PTE. LTD.
ICEBAR (PRIVATE LTD.) #!#ICEBAR (PRIVATE LTD.)
MENG & MIN PTE. LTD. #!#MENG & MIN PTE. LTD.
NASI LEMAK.COM #!#NASI LEMAK.COM
PAUSECAFE LLP #!#PAUSECAFE LLP
ASG PTE. LTD. #!#ASG PTE. LTD.
DOUDOU (SINGAPORE) PTE. LTD. #!#DOUDOU (SINGAPORE) PTE. LTD.
I-RON F&B AND TRAINING #!#I-RON F&B AND TRAINING
ILTM SRG PTE. LTD. #!#ILTM SRG PTE. LTD.
LION CITY KOPI & TOAST PTE. LTD. #!#LION CITY KOPI & TOAST PTE. LTD.
LNH ER JIE PTE. LTD. #!#LNH ER JIE PTE. LTD.
MSTEA PTE. LTD. #!#MSTEA PTE. LTD.
THE COFFEE CONDUIT PRIVATE LIMITED #!#THE COFFEE CONDUIT PRIVATE LIMITED
TLEFOOD INDUSTRY #!#TLEFOOD INDUSTRY
TOAST OF LIFE #!#TOAST OF LIFE
001 CAFE PTE. LTD. #!#001 CAFE PTE. LTD.
CHILLERS PTE. LTD. #!#CHILLERS PTE. LTD.
ENCIK HENG CAFE PTE. LTD. #!#ENCIK HENG CAFE PTE. LTD.
FRESCO 20/20 #!#FRESCO 20/20
NOA COLLECTIVE PTE. LTD. #!#NOA COLLECTIVE PTE. LTD.
RATIO CENTREPOINT PTE. LTD. #!#RATIO CENTREPOINT PTE. LTD.
DOUGH SUPPLY CO PTE. LTD. #!#DOUGH SUPPLY CO PTE. LTD.
FUTAO PTE. LTD. #!#FUTAO PTE. LTD.
IKOPI #!#IKOPI
KA GOURMET (PTE. LTD.) #!#KA GOURMET (PTE. LTD.)
ORCHARD DELI CAFE #!#ORCHARD DELI CAFE
FUWAFUWA PTE. LTD. #!#FUWAFUWA PTE. LTD.
BAMBFOREST PTE. LTD. #!#BAMBFOREST PTE. LTD.
AT 3 PTE. LTD. #!#AT 3 PTE. LTD.
HGBISTRO PTE. LTD. #!#HGBISTRO PTE. LTD.
HEA F&B PTE. LTD. #!#HEA F&B PTE. LTD.
ACORN DISTRIBUTION PTE. LTD. #!#ACORN DISTRIBUTION PTE. LTD.
ACE DESTAR SINGAPORE PTE. LTD. #!#ACE DESTAR SINGAPORE PTE. LTD.
3 OF CUPS PTE. LTD. #!#3 OF CUPS PTE. LTD.
AHEAD FOOD SOLUTION #!#AHEAD FOOD SOLUTION
CARROTSTICKS STANLEY PTE. LTD. #!#CARROTSTICKS STANLEY PTE. LTD.
GLACIERS PTE. LTD. #!#GLACIERS PTE. LTD.
LALALAND CAFE LLP #!#LALALAND CAFE LLP
SE9TEMBER ENTERPRISE PTE. LTD. #!#SE9TEMBER ENTERPRISE PTE. LTD.
SUGAR BABY PTE. LTD. #!#SUGAR BABY PTE. LTD.
SWEET CHEEKS (AMK) PTE. LTD. #!#SWEET CHEEKS (AMK) PTE. LTD.
SWEET CHEEKS (LAVENDER) PTE. LTD. #!#SWEET CHEEKS (LAVENDER) PTE. LTD.
SWEET LIFE PTE. LTD. #!#SWEET LIFE PTE. LTD.
XIAO MAN NIU (S) PTE. LTD. #!#XIAO MAN NIU (S) PTE. LTD.
XI DE LI (ION) PTE. LTD. #!#XI DE LI (ION) PTE. LTD.
WOODY FAMILY CAFE #!#WOODY FAMILY CAFE
WINNERY PTE. LTD. #!#WINNERY PTE. LTD.
WHAT'S IN THE POT? #!#WHAT'S IN THE POT?
VISIONE NTU PTE. LTD. #!#VISIONE NTU PTE. LTD.
UNCLE'S OTAH #!#UNCLE'S OTAH
U ORGANICS PTE. LTD. #!#U ORGANICS PTE. LTD.
TRUE BLUE SPACE #!#TRUE BLUE SPACE
TOBY'S ESTATE COFFEE (ASIA) PTE. LTD. #!#TOBY'S ESTATE COFFEE (ASIA) PTE. LTD.
THE WOK PEOPLE PTE. LTD. #!#THE WOK PEOPLE PTE. LTD.
THE WICKED CREAM CO. PTE. LTD. #!#THE WICKED CREAM CO. PTE. LTD.
THE MENU COLLECTIVE LLP #!#THE MENU COLLECTIVE LLP
THE GOOD CROWD PTE. LTD. #!#THE GOOD CROWD PTE. LTD.
THE FORAGE CAFE PTE. LTD. #!#THE FORAGE CAFE PTE. LTD.
THE COFFEE BELT (PHFP) #!#THE COFFEE BELT (PHFP)
TECK SENG COFFEE SHOP #!#TECK SENG COFFEE SHOP
TEA REX FOODS #!#TEA REX FOODS
TARTE #!#TARTE
TANDEM COLLECTIVE PTE. LTD. #!#TANDEM COLLECTIVE PTE. LTD.
TAMARIND KITCHEN #!#TAMARIND KITCHEN
TAKEAWAY CAFE #!#TAKEAWAY CAFE
TAI CHOON #!#TAI CHOON
SWEE GUAN COFFEE CAFE #!#SWEE GUAN COFFEE CAFE
SUPERFUDO HOLDING LLP #!#SUPERFUDO HOLDING LLP
WOOFTOPIA PTE. LTD. #!#WOOFTOPIA PTE. LTD.
POPULAR CAFE #!#POPULAR CAFE
6OZ ESPRESSO BAR (COLLYER QUAY) PTE. LTD. #!#6OZ ESPRESSO BAR (COLLYER QUAY) PTE. LTD.
6OZ ESPRESSO BAR (SHENTON) PTE. LTD. #!#6OZ ESPRESSO BAR (SHENTON) PTE. LTD.
6OZ ESPRESSO BAR (BOULEVARD) PTE. LTD. #!#6OZ ESPRESSO BAR (BOULEVARD) PTE. LTD.
1 FUSION INTERNATIONAL PTE. LTD. #!#1 FUSION INTERNATIONAL PTE. LTD.
YEO'S CAFE #!#YEO'S CAFE
YAMMIE TAIWAN SNACK #!#YAMMIE TAIWAN SNACK
SUPERFUDO HOLDING LLP #!#SUPERFUDO HOLDING LLP
SUMMER HOUSE POOLSIDE CAFE AND BAR #!#SUMMER HOUSE POOLSIDE CAFE AND BAR
STARLIT CAFE #!#STARLIT CAFE
SPOON CAFE #!#SPOON CAFE
SOAPTISSERIE #!#SOAPTISSERIE
SO SALAD! #!#SO SALAD!
SO PHO VIET CAFE #!#SO PHO VIET CAFE
SIN CHIE TOKE HUAN #!#SIN CHIE TOKE HUAN
SAM YAT CAFE PTE. LTD. #!#SAM YAT CAFE PTE. LTD.
SAKAE KYO PTE. LTD. #!#SAKAE KYO PTE. LTD.
SAGO HOUSE PTE. LTD. #!#SAGO HOUSE PTE. LTD.
S&S CAFE (PTE. LTD.) #!#S&S CAFE (PTE. LTD.)
ROOFTOP CAFE #!#ROOFTOP CAFE
REVAMP GROUP #!#REVAMP GROUP
MASON STUDIOS #!#MASON STUDIOS
MERAKI SG PTE. LTD. #!#MERAKI SG PTE. LTD.
MAN TANG HONG DESSERTS #!#MAN TANG HONG DESSERTS
GASTRONOMIC KITCHEN #!#GASTRONOMIC KITCHEN
GRACE ESPRESSO #!#GRACE ESPRESSO
APIARY CREAMERY PTE. LTD. #!#APIARY CREAMERY PTE. LTD.
FABLED PTE. LTD. #!#FABLED PTE. LTD.
JUST LAZZAT FOOD SYSTEM PTE. LTD. #!#JUST LAZZAT FOOD SYSTEM PTE. LTD.
MANIS EN ZO PTE. LTD. #!#MANIS EN ZO PTE. LTD.
MING NAN CAFE #!#MING NAN CAFE
NEW SHANGHAI CAFE PTE. LTD. #!#NEW SHANGHAI CAFE PTE. LTD.
BUSY BEAN #!#BUSY BEAN
OEDO FOOD SERVICES PTE LTD #!#OEDO FOOD SERVICES PTE LTD
NONYA DELI PTE LTD #!#NONYA DELI PTE LTD
NICAE CONCEPTS PTE. LTD. #!#NICAE CONCEPTS PTE. LTD.
NATURE PARK BEER GARDEN #!#NATURE PARK BEER GARDEN
NANYANG OLD COFFEE CHINATOWN LLP #!#NANYANG OLD COFFEE CHINATOWN LLP
NANYANG OLD CAFE PTE. LTD. #!#NANYANG OLD CAFE PTE. LTD.
NAM NGEW CHIANG RAI #!#NAM NGEW CHIANG RAI
MUNCHKINGS & QUEENS LLP #!#MUNCHKINGS & QUEENS LLP
MEDITERRANEAN DELIGHTS PTE. LTD. #!#MEDITERRANEAN DELIGHTS PTE. LTD.
MEAN & BEAN #!#MEAN & BEAN
JUICE CORNER #!#JUICE CORNER
JOVIS CLASSIC PTE. LTD. #!#JOVIS CLASSIC PTE. LTD.
JHPK PTE. LTD. #!#JHPK PTE. LTD.
JEX PTE. LTD. #!#JEX PTE. LTD.
JEX GLOBAL PTE. LTD. #!#JEX GLOBAL PTE. LTD.
JEWEL COFFEE PTE. LTD. #!#JEWEL COFFEE PTE. LTD.
JESS BAKE & SUPPLY PTE. LTD. #!#JESS BAKE & SUPPLY PTE. LTD.
JESK TRADING & CATERING #!#JESK TRADING & CATERING
JAY JAE PTE. LTD. #!#JAY JAE PTE. LTD.
III SEA ASIA PTE. LTD. #!#III SEA ASIA PTE. LTD.
ICE CAFE LLP #!#ICE CAFE LLP
HUAT HENG DESSERTS #!#HUAT HENG DESSERTS
HOME BAKERY PTE. LTD. #!#HOME BAKERY PTE. LTD.
HOKKAIDO OHARA FARM #!#HOKKAIDO OHARA FARM
HIPPOPOTAMUS RESTAURANTS PTE. LTD. #!#HIPPOPOTAMUS RESTAURANTS PTE. LTD.
MALA XIANG GUO PTE. LTD. #!#MALA XIANG GUO PTE. LTD.
MAGIC KITCHEN FOOD AND BEVERAGES #!#MAGIC KITCHEN FOOD AND BEVERAGES
LONG HENG SNACK CORNER #!#LONG HENG SNACK CORNER
LIVELY GREAT CAFE #!#LIVELY GREAT CAFE
LITTLE HOKKAIDO #!#LITTLE HOKKAIDO
LICKERS TB LLP #!#LICKERS TB LLP
LE COFFEE PTE. LTD. #!#LE COFFEE PTE. LTD.
LAO JIAO QING #!#LAO JIAO QING
L.O.L STATIONERY #!#L.O.L STATIONERY
KULTURE PTE. LTD. #!#KULTURE PTE. LTD.
KOPITIAM 88 #!#KOPITIAM 88
KOFFE KULTURE PTE LTD #!#KOFFE KULTURE PTE LTD
WHITEELEPHANT #!#WHITEELEPHANT
BINGO CAFE #!#BINGO CAFE
SAVOURY-SWEETS PRIVATE LIMITED #!#SAVOURY-SWEETS PRIVATE LIMITED
SIMPLECAFE PTE. LTD. #!#SIMPLECAFE PTE. LTD.
WOK MASTER EXPRESS PTE. LTD. #!#WOK MASTER EXPRESS PTE. LTD.
SWEE CHOON EXPRESS PTE. LTD. #!#SWEE CHOON EXPRESS PTE. LTD.
SWEET CHEEKS PTE. LTD. #!#SWEET CHEEKS PTE. LTD.
C CARDS.CHOICES.CONNECTIONS #!#C CARDS.CHOICES.CONNECTIONS
CA PHE SAIGON #!#CA PHE SAIGON
CARDS & CHOICES PTE. LTD. #!#CARDS & CHOICES PTE. LTD.
HELLO PANDA COFFEE PTE. LTD. #!#HELLO PANDA COFFEE PTE. LTD.
GROUP THERAPY CAFE & WINE BAR #!#GROUP THERAPY CAFE & WINE BAR
GRATITUDE VEGETARIAN #!#GRATITUDE VEGETARIAN
GRAND ORCHARD CAFE #!#GRAND ORCHARD CAFE
GOURMET ARTISAN PTE. LTD. #!#GOURMET ARTISAN PTE. LTD.
GELATO ART #!#GELATO ART
FUDA DINING PTE. LTD. #!#FUDA DINING PTE. LTD.
FRESH FRUITS LAB PTE. LTD. #!#FRESH FRUITS LAB PTE. LTD.
FRESH DELIVERY PTE. LTD. #!#FRESH DELIVERY PTE. LTD.
FOUR FOUR KOPITIAM #!#FOUR FOUR KOPITIAM
FOREST DARTS CAFE #!#FOREST DARTS CAFE
FIVE CONCEPTS #!#FIVE CONCEPTS
FATT RESTAURANT & CATERING #!#FATT RESTAURANT & CATERING
MINOR FOOD GROUP (SINGAPORE) PTE. LTD. #!#MINOR FOOD GROUP (SINGAPORE) PTE. LTD.
EIGHT PLUS TWO PTE. LTD. #!#EIGHT PLUS TWO PTE. LTD.
REFUEL 2 PTE. LTD. #!#REFUEL 2 PTE. LTD.
FARMERS AND CHEFS PTE. LTD. #!#FARMERS AND CHEFS PTE. LTD.
WOOBBEE (SG) PTE. LTD. #!#WOOBBEE (SG) PTE. LTD.
GLYPH SOMERSET PTE. LTD. #!#GLYPH SOMERSET PTE. LTD.
GLYPH SUPPLY CO PTE. LTD. #!#GLYPH SUPPLY CO PTE. LTD.
MAK VENTURES PRIVATE LIMITED #!#MAK VENTURES PRIVATE LIMITED
ONE CULTURE PTE. LTD. #!#ONE CULTURE PTE. LTD.
LITTLEWOODENTABLE PTE. LTD. #!#LITTLEWOODENTABLE PTE. LTD.
RED ROCK FOOD & BEVERAGES PTE. LTD. #!#RED ROCK FOOD & BEVERAGES PTE. LTD.
SEDAP GORENG #!#SEDAP GORENG
CREATION CAFE #!#CREATION CAFE
CREAM AND CUSTARD #!#CREAM AND CUSTARD
CORGI & BITE #!#CORGI & BITE
COLONY PATISSERIE #!#COLONY PATISSERIE
COLD ROCK BUBBLE TEA #!#COLD ROCK BUBBLE TEA
COFFEE KAKI PTE. LTD. #!#COFFEE KAKI PTE. LTD.
COFFEE HIVE SIGNATURES PTE. LTD. #!#COFFEE HIVE SIGNATURES PTE. LTD.
CLOUD9 ICE-CREAM #!#CLOUD9 ICE-CREAM
CLEMENTI @ 710 F&B PTE. LTD. #!#CLEMENTI @ 710 F&B PTE. LTD.
CL2 #!#CL2
CJ KING FOODS #!#CJ KING FOODS
CINESNAX #!#CINESNAX
CHUEN CHUEN CAFE #!#CHUEN CHUEN CAFE
CELESTIAL DELIGHTS PTE. LTD. #!#CELESTIAL DELIGHTS PTE. LTD.
CAFE@ARC PTE. LTD. #!#CAFE@ARC PTE. LTD.
BUTTER STUDIO EVENTS PTE. LTD. #!#BUTTER STUDIO EVENTS PTE. LTD.
BREAKOFF #!#BREAKOFF
QUICK SNACK-SG #!#QUICK SNACK-SG
QUARK SNACK BAR #!#QUARK SNACK BAR
PONTIAN EXPRESS #!#PONTIAN EXPRESS
PIZZA BAR PTE. LTD. #!#PIZZA BAR PTE. LTD.
PEARL DELIGHT #!#PEARL DELIGHT
PEACH GARDEN @GBB PTE. LTD. #!#PEACH GARDEN @GBB PTE. LTD.
PAULINNI PTE. LTD. #!#PAULINNI PTE. LTD.
PAPERCUP COFFEE #!#PAPERCUP COFFEE
OTK SINGAPORE PTE. LTD. #!#OTK SINGAPORE PTE. LTD.
ORO ORO BISTRO LLP #!#ORO ORO BISTRO LLP
FART TARTZ PTE. LTD. #!#FART TARTZ PTE. LTD.
SHAN CHENG (BUKIT PANJANG PLAZA) #!#SHAN CHENG (BUKIT PANJANG PLAZA)
REEDZ PTE. LTD. #!#REEDZ PTE. LTD.
YONG KANG CAFE #!#YONG KANG CAFE
BLACK LION CAFE PTE. LTD. #!#BLACK LION CAFE PTE. LTD.
DYNASTY SEAFOOD (KIM) PTE. LTD. #!#DYNASTY SEAFOOD (KIM) PTE. LTD.
SENSURI COFFEE PTE. LTD. #!#SENSURI COFFEE PTE. LTD.
SAYBONS PTE. LTD. #!#SAYBONS PTE. LTD.
SF (ORCHARD) PTE. LTD. #!#SF (ORCHARD) PTE. LTD.
CUPPLETS LLP #!#CUPPLETS LLP
BREAD CREATEUR PTE. LTD. #!#BREAD CREATEUR PTE. LTD.
BOTAK KOPITIAM #!#BOTAK KOPITIAM
BAZUKA #!#BAZUKA
BASECAMP.CAFE LTD. #!#BASECAMP.CAFE LTD.
BARRIO FIESTA EATTERY #!#BARRIO FIESTA EATTERY
BAN LEONG RESTAURANT #!#BAN LEONG RESTAURANT
AZ SNACK CORNER #!#AZ SNACK CORNER
ASH KAFE PTE. LTD. #!#ASH KAFE PTE. LTD.
APPLAUSE TYRWHITT PTE. LTD. #!#APPLAUSE TYRWHITT PTE. LTD.
ANDI'S CAFE #!#ANDI'S CAFE
AL-AMIR RESTAURANT PTE. LTD. #!#AL-AMIR RESTAURANT PTE. LTD.
AFTERNOON TEA #!#AFTERNOON TEA
ABC BISTRO PTE. LTD. #!#ABC BISTRO PTE. LTD.
A-Z CONSULTANTS & CORPORATION (PTE) LTD. #!#A-Z CONSULTANTS & CORPORATION (PTE) LTD.
XIN YAO #!#XIN YAO
THE UDDER PANCAKE (KILAT) PTE. LTD. #!#THE UDDER PANCAKE (KILAT) PTE. LTD.
UDDERS (UPPER THOMSON) PTE. LTD. #!#UDDERS (UPPER THOMSON) PTE. LTD.
OLD TEA HUT (SOMERSET) PTE. LTD. #!#OLD TEA HUT (SOMERSET) PTE. LTD.
DURIAN PARADE TRADING #!#DURIAN PARADE TRADING
THEGLASSHOUSE PTE. LTD. #!#THEGLASSHOUSE PTE. LTD.
THE ECHO CAFE PTE. LTD. #!#THE ECHO CAFE PTE. LTD.
CAMBRIDGE DELI #!#CAMBRIDGE DELI
TIMBRE + HAWKERS PRIVATE LIMITED #!#TIMBRE + HAWKERS PRIVATE LIMITED
FOOD INN EATING HOUSE PTE. LTD. #!#FOOD INN EATING HOUSE PTE. LTD.
GRAFFITI SKY BAR #!#GRAFFITI SKY BAR
APPETIZER PTE. LTD. #!#APPETIZER PTE. LTD.
THE TRADING FLOOR #!#THE TRADING FLOOR
F M FOOD COURT PTE. LTD. #!#F M FOOD COURT PTE. LTD.
PLACE 2 READ PTE. LTD. #!#PLACE 2 READ PTE. LTD.
LEI YUEN COFFEE & TEA PTE. LTD. #!#LEI YUEN COFFEE & TEA PTE. LTD.
ZHENG YUAN FOOD & BEVERAGE PTE. LTD. #!#ZHENG YUAN FOOD & BEVERAGE PTE. LTD.
GOLD EGG PTE. LTD. #!#GOLD EGG PTE. LTD.
SF (AMK HUB) PTE. LTD. #!#SF (AMK HUB) PTE. LTD.
SF (CHANGI CITY PT) PTE. LTD. #!#SF (CHANGI CITY PT) PTE. LTD.
HOOHA CAFE PTE. LTD. #!#HOOHA CAFE PTE. LTD.
CUSCADEN PATIO CAFE AND PUB #!#CUSCADEN PATIO CAFE AND PUB
EAT.NOODLE PTE. LTD. #!#EAT.NOODLE PTE. LTD.
SF (YEWTEE) PTE. LTD. #!#SF (YEWTEE) PTE. LTD.
SF (CAUSEWAY PT) PTE. LTD. #!#SF (CAUSEWAY PT) PTE. LTD.
OTTER & ICE DESSERTS #!#OTTER & ICE DESSERTS
CORNER AT 11 PTE. LTD. #!#CORNER AT 11 PTE. LTD.
46 CTK EATING HOUSE #!#46 CTK EATING HOUSE
802 SOON HO EATING HOUSE (BRANCH) #!#802 SOON HO EATING HOUSE (BRANCH)
2SIX PTE. LTD. #!#2SIX PTE. LTD.
3 BARKS PTE. LTD. #!#3 BARKS PTE. LTD.
2DEGREES NORTH COFFEE CO. PTE. LTD. #!#2DEGREES NORTH COFFEE CO. PTE. LTD.
351 KOPITIAM PTE. LTD. #!#351 KOPITIAM PTE. LTD.
ZESS ENTERPRISE #!#ZESS ENTERPRISE
ZHEN VEGETARIAN #!#ZHEN VEGETARIAN
Y761 COFFEE STATION PTE. LTD. #!#Y761 COFFEE STATION PTE. LTD.
WOK MASTER PTE. LTD. #!#WOK MASTER PTE. LTD.
WANGJA PTE. LTD. #!#WANGJA PTE. LTD.
WELL PTE. LTD. #!#WELL PTE. LTD.
OLD TEA HUT (SHENTON WAY) PTE. LTD. #!#OLD TEA HUT (SHENTON WAY) PTE. LTD.
OLD TEA HUT (RAFFLES PLACE) PTE. LTD. #!#OLD TEA HUT (RAFFLES PLACE) PTE. LTD.
SUGAR LIPS PTE. LTD. #!#SUGAR LIPS PTE. LTD.
THE PIZZA & ICE CREAM JOINT #!#THE PIZZA & ICE CREAM JOINT
THE LIVE STATION BY FAMOUS ICE CREAM ROLLS SHOP & THE BULB STATION #!#THE LIVE STATION BY FAMOUS ICE CREAM ROLLS SHOP & THE BULB STATION
ZHEN SHAN TANG #!#ZHEN SHAN TANG
TAMPINES & JUNCTION 8 FISHCAKE #!#TAMPINES & JUNCTION 8 FISHCAKE
HONG KONG STREET JIA KEE PTE. LTD. #!#HONG KONG STREET JIA KEE PTE. LTD.
ALL FOOD TRADING #!#ALL FOOD TRADING
ALPHA X PTE. LTD. #!#ALPHA X PTE. LTD.
SF (THOMSON) PTE. LTD. #!#SF (THOMSON) PTE. LTD.
UNIVERSAL DINING (SINGAPORE) PTE. LTD. #!#UNIVERSAL DINING (SINGAPORE) PTE. LTD.
UNIVERSAL DINING PTE. LTD. #!#UNIVERSAL DINING PTE. LTD.
T&L ENTERPRISE PTE. LTD. #!#T&L ENTERPRISE PTE. LTD.
THREE 65 F&B PTE. LTD. #!#THREE 65 F&B PTE. LTD.
THE PODIUM CLUB PTE. LTD. #!#THE PODIUM CLUB PTE. LTD.
THE RED MONKEY PTE. LTD. #!#THE RED MONKEY PTE. LTD.
TEA SENSE PTE. LTD. #!#TEA SENSE PTE. LTD.
TOM N TOMS SINGAPORE PTE. LTD. #!#TOM N TOMS SINGAPORE PTE. LTD.
THE WHITE RABBIT PTE. LTD. #!#THE WHITE RABBIT PTE. LTD.
THE COFFEE AROMA PTE. LTD. #!#THE COFFEE AROMA PTE. LTD.
THE HILLARY GROUP PTE. LTD. #!#THE HILLARY GROUP PTE. LTD.
KING AND THE PAWN PTE. LTD. #!#KING AND THE PAWN PTE. LTD.
HAAKON ORP PRIVATE LIMITED #!#HAAKON ORP PRIVATE LIMITED
LITTLE ELEPHANT PTE. LTD. #!#LITTLE ELEPHANT PTE. LTD.
TIONG BAHRU F&B PTE. LTD. #!#TIONG BAHRU F&B PTE. LTD.
BAKERS & BREWERS PRIVATE LIMITED #!#BAKERS & BREWERS PRIVATE LIMITED
EAST ASIA DISTRIBUTORS PTE. LTD. #!#EAST ASIA DISTRIBUTORS PTE. LTD.
SHANG F&B (S) PRIVATE LIMITED #!#SHANG F&B (S) PRIVATE LIMITED
TOMMY PTE. LTD. #!#TOMMY PTE. LTD.
SARNIES PASARBELLA PTE. LTD. #!#SARNIES PASARBELLA PTE. LTD.
BIG O MORSELS PTE. LTD. #!#BIG O MORSELS PTE. LTD.
CHULOP! BY THE SYARIFS PTE. LTD. #!#CHULOP! BY THE SYARIFS PTE. LTD.
YOUNG TEA BUBBLE TEA #!#YOUNG TEA BUBBLE TEA
MINUTE MEALS #!#MINUTE MEALS
MAC READY TO EAT MEALS #!#MAC READY TO EAT MEALS
APARTMENTCOFFEE PTE. LTD. #!#APARTMENTCOFFEE PTE. LTD.
LEE'S CONFECTIONERY & PASTRY #!#LEE'S CONFECTIONERY & PASTRY
SLION GROUP #!#SLION GROUP
BTG-PINDAO VENTURE PTE. LTD. #!#BTG-PINDAO VENTURE PTE. LTD.
MEI LE PTE. LTD. #!#MEI LE PTE. LTD.
PARADISE TEA PTE. LTD. #!#PARADISE TEA PTE. LTD.
OLD ROCHOR BEANCURD PTE. LTD. #!#OLD ROCHOR BEANCURD PTE. LTD.
MR CURRY LLP #!#MR CURRY LLP
MILKBAR STORE #!#MILKBAR STORE
LA KOPI FOOD EMPIRE #!#LA KOPI FOOD EMPIRE
LUNCH BOX PEOPLE PRIVATE LIMITED #!#LUNCH BOX PEOPLE PRIVATE LIMITED
JESS #!#JESS
JONKER PTE. LTD. #!#JONKER PTE. LTD.
BAGUETTE PTE. LTD. #!#BAGUETTE PTE. LTD.
PHO STREET RESTAURANT PTE. LTD. #!#PHO STREET RESTAURANT PTE. LTD.
SHENG KEE RESTAURANT PTE. LTD. #!#SHENG KEE RESTAURANT PTE. LTD.
SHENG KEE DESSERT PTE. LTD. #!#SHENG KEE DESSERT PTE. LTD.
ST52 F&B PTE. LTD. #!#ST52 F&B PTE. LTD.
PASTA EXPRESS PTE. LTD. #!#PASTA EXPRESS PTE. LTD.
SHOTS & SCOOPS PTE. LTD. #!#SHOTS & SCOOPS PTE. LTD.
FUGETSU SINGAPORE PTE. LTD. #!#FUGETSU SINGAPORE PTE. LTD.
THE SANDWICH SHOP PTE. LTD. #!#THE SANDWICH SHOP PTE. LTD.
THE HOT STUFF NASI PADANG STALL #!#THE HOT STUFF NASI PADANG STALL
LEE SOON HAPPINESS KITCHEN PTE. LTD. #!#LEE SOON HAPPINESS KITCHEN PTE. LTD.
GOURMET COFFEE PTE. LTD. #!#GOURMET COFFEE PTE. LTD.
SF (BEDOK) PTE. LTD. #!#SF (BEDOK) PTE. LTD.
SF FRUITS PTE. LTD. #!#SF FRUITS PTE. LTD.
RASA-RASA FOOD PARADISE RESTAURANT LLP #!#RASA-RASA FOOD PARADISE RESTAURANT LLP
COMICS KINGDOM #!#COMICS KINGDOM
YUMMY EXPRESS #!#YUMMY EXPRESS
ONE ICE LLP #!#ONE ICE LLP
SEED & VIRTUE PTE. LTD. #!#SEED & VIRTUE PTE. LTD.
LOH BROTHERS COFFEE PTE. LTD. #!#LOH BROTHERS COFFEE PTE. LTD.
WAKEUP CAFE PRIVATE LIMITED #!#WAKEUP CAFE PRIVATE LIMITED
TIME TRAVELLER CAFE LLP #!#TIME TRAVELLER CAFE LLP
SHENG KEE (F&B) PTE. LTD. #!#SHENG KEE (F&B) PTE. LTD.
LOCAL COFFEE PEOPLE (SAIL) PTE. LTD. #!#LOCAL COFFEE PEOPLE (SAIL) PTE. LTD.
SIAM VILLAGE PTE. LTD. #!#SIAM VILLAGE PTE. LTD.
BADOQUE (S) CAFE PTE. LTD. #!#BADOQUE (S) CAFE PTE. LTD.
CHOP ENG SENG #!#CHOP ENG SENG
FIAZZA ENTERPRICE PTE. LTD. #!#FIAZZA ENTERPRICE PTE. LTD.
FFL ELEMENTS PTE. LTD. #!#FFL ELEMENTS PTE. LTD.
FOOD FAIR PTE. LTD. #!#FOOD FAIR PTE. LTD.
COFFEE HIVE 2 PTE. LTD. #!#COFFEE HIVE 2 PTE. LTD.
COMPLETE BENEVOLENCE INTERNATIONAL (S) PTE. LTD. #!#COMPLETE BENEVOLENCE INTERNATIONAL (S) PTE. LTD.
CAFEMANIA PTE. LTD. #!#CAFEMANIA PTE. LTD.
COFFEE ZONE PRIVATE LIMITED #!#COFFEE ZONE PRIVATE LIMITED
CHAITIME PTE. LTD. #!#CHAITIME PTE. LTD.
BOWS & TIES PTE LTD PRIVATE LIMITED #!#BOWS & TIES PTE LTD PRIVATE LIMITED
BANDITO BROTHERS PTE. LTD. #!#BANDITO BROTHERS PTE. LTD.
BELLA MIA PRIVATE LIMITED #!#BELLA MIA PRIVATE LIMITED
MINI SNACK BAR #!#MINI SNACK BAR
JALAN BESAR CC CAFE #!#JALAN BESAR CC CAFE
ISLAND JUICE & JAVA #!#ISLAND JUICE & JAVA
ISLANDER #!#ISLANDER
HERITAGE BAR & LOUNGE #!#HERITAGE BAR & LOUNGE
GONE FISHING #!#GONE FISHING
GOLDEN COLA #!#GOLDEN COLA
FURAMA KARAOKE & LOUNGE #!#FURAMA KARAOKE & LOUNGE
COFFEE CLUB XPRESS #!#COFFEE CLUB XPRESS
CLUB 5 PARKROYAL ON KITCHENER ROAD #!#CLUB 5 PARKROYAL ON KITCHENER ROAD
CHOP AH CHAI REFRESHMENT CORNER #!#CHOP AH CHAI REFRESHMENT CORNER
ARTISTE DISCOVERY NETWORK #!#ARTISTE DISCOVERY NETWORK
THUS COFFEE PTE. LTD. #!#THUS COFFEE PTE. LTD.
FSA CAFE LLP #!#FSA CAFE LLP
BREAD YARD TWO LLP #!#BREAD YARD TWO LLP
INDAKO TRADING #!#INDAKO TRADING
BEIRUT CAFE #!#BEIRUT CAFE
HIGHLANDER ESPRESSO BAR #!#HIGHLANDER ESPRESSO BAR
EMS SUNLIGHT SERVICE #!#EMS SUNLIGHT SERVICE
HYGGE PTE. LTD. #!#HYGGE PTE. LTD.
HAPPY FELLAS PRIVATE LIMITED #!#HAPPY FELLAS PRIVATE LIMITED
CHATTERS #!#CHATTERS
BIZ 21 MARKETING #!#BIZ 21 MARKETING
AKAITONBO #!#AKAITONBO
GIC THOMSON PTE. LTD. #!#GIC THOMSON PTE. LTD.
GA HING FOOD & BEVERAGE PTE. LTD. #!#GA HING FOOD & BEVERAGE PTE. LTD.
CAFE ORIENTAL #!#CAFE ORIENTAL
OMOTESANDO KOFFEE PRIVATE LIMITED #!#OMOTESANDO KOFFEE PRIVATE LIMITED
NANYANG CAFE PTE. LTD. #!#NANYANG CAFE PTE. LTD.
KILLINEY CORNER #!#KILLINEY CORNER
GOLD FOOD #!#GOLD FOOD
GOLD GARDEN #!#GOLD GARDEN
88 COFFEE G #!#88 COFFEE G
2MM PTE. LTD. #!#2MM PTE. LTD.
4 ADDICTS PTE. LTD. #!#4 ADDICTS PTE. LTD.
5THEMOMENTS PRIVATE LIMITED #!#5THEMOMENTS PRIVATE LIMITED
YFL COFFEE HOUSE PTE. LTD. #!#YFL COFFEE HOUSE PTE. LTD.
YFL C&B PTE. LTD. #!#YFL C&B PTE. LTD.
YKNG PTE. LTD. #!#YKNG PTE. LTD.
WILLOW #!#WILLOW
WIND CAFE #!#WIND CAFE
W & W DESSERT HOUSE #!#W & W DESSERT HOUSE
WAH FENG PTE. LTD. #!#WAH FENG PTE. LTD.
WICKED SWING SNOW PTE. LTD. #!#WICKED SWING SNOW PTE. LTD.
WAFFLE LAB PTE. LTD. #!#WAFFLE LAB PTE. LTD.
WE EXPERIMENT PTE. LTD. #!#WE EXPERIMENT PTE. LTD.
WNK INTERNATIONAL FRANCHISE PTE. LTD. #!#WNK INTERNATIONAL FRANCHISE PTE. LTD.
WANG'S KITCHEN PTE. LTD. #!#WANG'S KITCHEN PTE. LTD.
VICTORY BOAT NOODLE CAFE LLP #!#VICTORY BOAT NOODLE CAFE LLP
VARIETEA EXPRESS #!#VARIETEA EXPRESS
VONS FOOD PTE. LTD. #!#VONS FOOD PTE. LTD.
THOMSON CATERING & ENTERPRISES PTE LTD #!#THOMSON CATERING & ENTERPRISES PTE LTD
SFP F & B #!#SFP F & B
S24 #!#S24
SINARAN SURIA CAFE #!#SINARAN SURIA CAFE
SHANGHAI YU YUAN NAN XIANG STEAMED BUNS RESTAURANT #!#SHANGHAI YU YUAN NAN XIANG STEAMED BUNS RESTAURANT
STRAWBERRY FARE #!#STRAWBERRY FARE
SNACK & CAKE SHOP PTE. LTD. #!#SNACK & CAKE SHOP PTE. LTD.
ST 82 C&B PTE. LTD. #!#ST 82 C&B PTE. LTD.
SHI SHANG COFFEE PTE. LTD. #!#SHI SHANG COFFEE PTE. LTD.
ST 11 F&B PTE. LTD. #!#ST 11 F&B PTE. LTD.
ST 11 C&B PTE. LTD. #!#ST 11 C&B PTE. LTD.
SSA FOODS PTE. LTD. #!#SSA FOODS PTE. LTD.
SEAWORLD CAFETERIA PTE. LTD. #!#SEAWORLD CAFETERIA PTE. LTD.
RAINBOW SHOP LLP #!#RAINBOW SHOP LLP
RILEK 1 KORNER LLP #!#RILEK 1 KORNER LLP
RESTAURANT AR RAHMAN PTE. LTD. #!#RESTAURANT AR RAHMAN PTE. LTD.
Q'SON 21 F&B PTE. LTD. #!#Q'SON 21 F&B PTE. LTD.
TSS SINGAPORE HOLDINGS (PTE. LTD.) #!#TSS SINGAPORE HOLDINGS (PTE. LTD.)
THE SANDWICH SHOP (RAFFLES LINK) PTE. LTD. #!#THE SANDWICH SHOP (RAFFLES LINK) PTE. LTD.
THE CHOCOLATE CULTURE PTE. LTD. #!#THE CHOCOLATE CULTURE PTE. LTD.
SAVOURY CAFE #!#SAVOURY CAFE
SENG HUAT COFFEE STALL #!#SENG HUAT COFFEE STALL
SALTWATER #!#SALTWATER
SCOOPY DOO PTE. LTD. #!#SCOOPY DOO PTE. LTD.
SPACE & CO. PTE. LTD. #!#SPACE & CO. PTE. LTD.
SON OF A BEAN PTE. LTD. #!#SON OF A BEAN PTE. LTD.
SUNDAYMARKET PTE. LTD. #!#SUNDAYMARKET PTE. LTD.
SCREEN BAR PTE. LTD. #!#SCREEN BAR PTE. LTD.
ST 43 COFFEE HOUSE PTE. LTD. #!#ST 43 COFFEE HOUSE PTE. LTD.
THE LIBRARY LOUNGE @ RENDEZVOUS #!#THE LIBRARY LOUNGE @ RENDEZVOUS
THE COFFEE BELT (PHAL) #!#THE COFFEE BELT (PHAL)
TEMPLE STREET CAFE #!#TEMPLE STREET CAFE
TRIPLO PTE. LTD. #!#TRIPLO PTE. LTD.
THE DARK GALLERY PRIVATE LIMITED #!#THE DARK GALLERY PRIVATE LIMITED
THECATCAFE PRIVATE LIMITED #!#THECATCAFE PRIVATE LIMITED
THE TEA PARTY EXPRESS PTE. LTD. #!#THE TEA PARTY EXPRESS PTE. LTD.
THE COFFEE ROASTER PTE. LTD. #!#THE COFFEE ROASTER PTE. LTD.
THE CAFE LOBBY (CP1) PTE. LTD. #!#THE CAFE LOBBY (CP1) PTE. LTD.
TRG (PP) PTE. LTD. #!#TRG (PP) PTE. LTD.
THE DOG AND BONE CAFE PTE. LTD. #!#THE DOG AND BONE CAFE PTE. LTD.
CEREAL CITIZEN PTE. LTD. #!#CEREAL CITIZEN PTE. LTD.
MY COMMERCIAL KITCHEN #!#MY COMMERCIAL KITCHEN
TBB PTE. LTD. #!#TBB PTE. LTD.
BITES & BUBBLES PTE. LTD. #!#BITES & BUBBLES PTE. LTD.
V.V. ABOOBAKKER SNACK HOUSE #!#V.V. ABOOBAKKER SNACK HOUSE
TAKO-PACHI #!#TAKO-PACHI
THE COFFEE HAVEN #!#THE COFFEE HAVEN
THE COFFEE CHATEAU #!#THE COFFEE CHATEAU
TIFFANY COFFEE HOUSE #!#TIFFANY COFFEE HOUSE
SOYAKO #!#SOYAKO
ONE GREAT CUP #!#ONE GREAT CUP
ORCHARD TERRACE #!#ORCHARD TERRACE
OUTRE PTE. LTD. #!#OUTRE PTE. LTD.
PROSIFT SERVICES #!#PROSIFT SERVICES
AQUEEN CAFE @ BALESTIER #!#AQUEEN CAFE @ BALESTIER
PASTA LAB PTE. LTD. #!#PASTA LAB PTE. LTD.
PONTIAN IMM PTE. LTD. #!#PONTIAN IMM PTE. LTD.
PLAY NATION PTE. LTD. #!#PLAY NATION PTE. LTD.
PEARL CENTRE CAFE PTE. LTD. #!#PEARL CENTRE CAFE PTE. LTD.
ORCHID SNACK BAR #!#ORCHID SNACK BAR
OXYGEN ORGANIC CONCEPT #!#OXYGEN ORGANIC CONCEPT
ORY PTE. LTD. #!#ORY PTE. LTD.
OLD STREET BAK KUT TEH (FN) PTE. LTD. #!#OLD STREET BAK KUT TEH (FN) PTE. LTD.
OTG HOUSE PTE. LTD. #!#OTG HOUSE PTE. LTD.
OLD SCHOOL DELIGHTS HOLDINGS PTE. LTD. #!#OLD SCHOOL DELIGHTS HOLDINGS PTE. LTD.
OLD HONG KONG TEA HOUSE PTE. LTD. #!#OLD HONG KONG TEA HOUSE PTE. LTD.
NINE PLUS HOLDINGS LLP #!#NINE PLUS HOLDINGS LLP
NEXT DOOR CAFE #!#NEXT DOOR CAFE
KAMPONG DESSERT PTE. LTD. #!#KAMPONG DESSERT PTE. LTD.
KUPPA PTE. LTD. #!#KUPPA PTE. LTD.
KOPITALK PTE. LTD. #!#KOPITALK PTE. LTD.
JOBLOY #!#JOBLOY
JOURNEY COFFEE #!#JOURNEY COFFEE
JOE'S CORNER #!#JOE'S CORNER
JOS'CODE PTE. LTD. #!#JOS'CODE PTE. LTD.
JUNSHIN EXPRESS PTE. LTD. #!#JUNSHIN EXPRESS PTE. LTD.
JIMMY MONKEY PTE. LTD. #!#JIMMY MONKEY PTE. LTD.
ICE CREAM SKOOL LLP #!#ICE CREAM SKOOL LLP
ISLE CAFE #!#ISLE CAFE
ICE DREAMERY PTE. LTD. #!#ICE DREAMERY PTE. LTD.
ICE CREAM LAB PTE. LTD. #!#ICE CREAM LAB PTE. LTD.
ICE CREAM CHEFS HOLDINGS PTE. LTD. #!#ICE CREAM CHEFS HOLDINGS PTE. LTD.
PLAN T MANAGEMENT PTE. LTD. #!#PLAN T MANAGEMENT PTE. LTD.
FIKA CAFE & BISTRO #!#FIKA CAFE & BISTRO
AWE DESSERTS PRIVATE LIMITED #!#AWE DESSERTS PRIVATE LIMITED
NOODLE'LICIOUS #!#NOODLE'LICIOUS
BFF CONCEPTS PTE. LTD. #!#BFF CONCEPTS PTE. LTD.
RED DOT FOODSTUFFS LLP #!#RED DOT FOODSTUFFS LLP
ST 43 F&B PTE. LTD. #!#ST 43 F&B PTE. LTD.
FIRST FRUITS BY RIPPLES #!#FIRST FRUITS BY RIPPLES
WAF 'N' SNAC #!#WAF 'N' SNAC
SIONG THAI EATING HOUSE #!#SIONG THAI EATING HOUSE
SHUTTERS #!#SHUTTERS
ROTI JOHN PTE. LTD. #!#ROTI JOHN PTE. LTD.
RIVERSIDE CAFE PTE. LTD. #!#RIVERSIDE CAFE PTE. LTD.
HAPPY OWL LLP #!#HAPPY OWL LLP
HOUGANG GREEN COFFEE & TEA LLP #!#HOUGANG GREEN COFFEE & TEA LLP
HONEY SCENT LLP #!#HONEY SCENT LLP
HEIYO! #!#HEIYO!
HONG HUA HOLDINGS PTE. LTD. #!#HONG HUA HOLDINGS PTE. LTD.
HI KOREA PRIVATE LIMITED #!#HI KOREA PRIVATE LIMITED
HAN BEST FOOD PTE. LTD. #!#HAN BEST FOOD PTE. LTD.
HONG KONG CAFE PTE. LTD. #!#HONG KONG CAFE PTE. LTD.
GULP & GOBBLE LLP #!#GULP & GOBBLE LLP
GRAB & EAT LLP #!#GRAB & EAT LLP
GF+A CAFE PTE. LTD. #!#GF+A CAFE PTE. LTD.
GUAC & GO PTE. LTD. #!#GUAC & GO PTE. LTD.
GOURMET STREET PTE. LTD. #!#GOURMET STREET PTE. LTD.
FOUR SEASON CAFE #!#FOUR SEASON CAFE
FUN TOAST @ ONE SHENTON PTE. LTD. #!#FUN TOAST @ ONE SHENTON PTE. LTD.
FUN TOAST @ SPORTS HUB PTE. LTD. #!#FUN TOAST @ SPORTS HUB PTE. LTD.
LITTLE FELLA PTE. LTD. #!#LITTLE FELLA PTE. LTD.
LKC FOODS PTE. LTD. #!#LKC FOODS PTE. LTD.
LOCAL COFFEE PEOPLE (IP) PTE. LTD. #!#LOCAL COFFEE PEOPLE (IP) PTE. LTD.
LEONG KEE (KLANG) BAK KUT TEH PTE. LTD. #!#LEONG KEE (KLANG) BAK KUT TEH PTE. LTD.
LEONG KEE KLANG BAK KUT TEH (GEYLANG ROAD) PTE. LTD. #!#LEONG KEE KLANG BAK KUT TEH (GEYLANG ROAD) PTE. LTD.
LIQUOR & TOBACCO PTE. LTD. #!#LIQUOR & TOBACCO PTE. LTD.
KITCHEN DELICACIES LITTLE RED DOT LLP #!#KITCHEN DELICACIES LITTLE RED DOT LLP
KILLINEY TEH TARIK #!#KILLINEY TEH TARIK
KAKI MAKAN PTE. LTD. #!#KAKI MAKAN PTE. LTD.
CHOCOLAT N' SPICE PTE. LTD. #!#CHOCOLAT N' SPICE PTE. LTD.
CREMA & HOUND PTE. LTD. #!#CREMA & HOUND PTE. LTD.
CANTO KITCHEN PTE. LTD. #!#CANTO KITCHEN PTE. LTD.
COFFEE BEST PTE. LTD. #!#COFFEE BEST PTE. LTD.
COFFEE JOY PTE. LTD. #!#COFFEE JOY PTE. LTD.
CAFFE PRALET BY CREATIVE CULINAIRE PTE. LTD. #!#CAFFE PRALET BY CREATIVE CULINAIRE PTE. LTD.
BLOOMSBURY BAKERS LLP #!#BLOOMSBURY BAKERS LLP
BAKE AVENUE LLP #!#BAKE AVENUE LLP
BOSSY CAFE AND RESTAURANT #!#BOSSY CAFE AND RESTAURANT
BHS F&B PTE. LTD. #!#BHS F&B PTE. LTD.
AUPE CAFE LLP #!#AUPE CAFE LLP
ALPHA OL LLP #!#ALPHA OL LLP
ASLI SATAY CLUB LLP #!#ASLI SATAY CLUB LLP
CAFE S-CUBE LLP #!#CAFE S-CUBE LLP
CITY CAFE & DESSERT #!#CITY CAFE & DESSERT
CHIT-CHAT BUBBLE TEA #!#CHIT-CHAT BUBBLE TEA
COOL MAN #!#COOL MAN
CUPPAGE ISLE CAFE #!#CUPPAGE ISLE CAFE
CHIT CHAT & MAKAN EATING HOUSE #!#CHIT CHAT & MAKAN EATING HOUSE
COLA SNACK BAR #!#COLA SNACK BAR
CHIA & ZHONG FOOD PTE. LTD. #!#CHIA & ZHONG FOOD PTE. LTD.
CENTRAL 65 KITCHEN PTE. LTD. #!#CENTRAL 65 KITCHEN PTE. LTD.
CAFFEINATED PRIVATE LIMITED #!#CAFFEINATED PRIVATE LIMITED
CHOBANI PTE. LTD. #!#CHOBANI PTE. LTD.
COMMUNE CAFE & BISTRO PTE. LTD. #!#COMMUNE CAFE & BISTRO PTE. LTD.
CARPENTER AND COOK PRIVATE LIMITED #!#CARPENTER AND COOK PRIVATE LIMITED
FUN TEA PTE. LTD. #!#FUN TEA PTE. LTD.
FABULOUS FOODS PTE. LTD. #!#FABULOUS FOODS PTE. LTD.
FISH DELI PTE. LTD. #!#FISH DELI PTE. LTD.
ENAK ENAK HONGKONG TEA HOUSE PTE. LTD. #!#ENAK ENAK HONGKONG TEA HOUSE PTE. LTD.
EMIRATES LEISURE RETAIL (SINGAPORE) PTE. LTD. #!#EMIRATES LEISURE RETAIL (SINGAPORE) PTE. LTD.
DARTS LEGEND @ SCAPE #!#DARTS LEGEND @ SCAPE
DILYS CREATION #!#DILYS CREATION
DELI2GO PTE. LTD. #!#DELI2GO PTE. LTD.
DIANDIN LELUK THAI RESTAURANT PRIVATE LIMITED #!#DIANDIN LELUK THAI RESTAURANT PRIVATE LIMITED
SOUTHWEST TAVERN PTE. LTD. #!#SOUTHWEST TAVERN PTE. LTD.
SNW PTE. LTD. #!#SNW PTE. LTD.
SPICE CONNECT (PTE.) LTD. #!#SPICE CONNECT (PTE.) LTD.
SOUR SALLY INTERNATIONAL PTE. LTD. #!#SOUR SALLY INTERNATIONAL PTE. LTD.
SHENG HE PTE. LTD. #!#SHENG HE PTE. LTD.
SICILIA MIA PTE. LTD. #!#SICILIA MIA PTE. LTD.
SEAFOOD PARK PTE. LTD. #!#SEAFOOD PARK PTE. LTD.
S-CITY CAFE PTE LTD #!#S-CITY CAFE PTE LTD
RELAX MEALS N SNACKS CAFE #!#RELAX MEALS N SNACKS CAFE
ROCHESTER CAFE PTE. LTD. #!#ROCHESTER CAFE PTE. LTD.
ROCHOR YOU TIAO PTE. LTD. #!#ROCHOR YOU TIAO PTE. LTD.
ROBERT LOOI (1975) PTE. LTD. #!#ROBERT LOOI (1975) PTE. LTD.
QI JI EXPRESS PTE. LTD. #!#QI JI EXPRESS PTE. LTD.
QI JI RESTAURANT PTE. LTD. #!#QI JI RESTAURANT PTE. LTD.
QI JI RETAIL SERVICES PTE. LTD. #!#QI JI RETAIL SERVICES PTE. LTD.
QI JI GOURMET PTE. LTD. #!#QI JI GOURMET PTE. LTD.
QI JI CAFE PTE. LTD. #!#QI JI CAFE PTE. LTD.
PASSION CAFE LLP #!#PASSION CAFE LLP